TIME,OUT_T[*C],OUT_H[%],T6[*C],H6[%],T12[*C],H12[%],T18[*C],H18[%],T19[*C],H19[%],T24[*C],H24[%],T25[*C],H25[%],T26[*C],H26[%],LAMP_STATE,FAN_STATE,AC_STATE,HEATER_STATE
2020-02-01 23:59:54.172497,35.0,26.0,29.0,46.0,28.0,40.0,25.0,50.0,33.0,35.0,29.0,36.0,27.0,41.0,27.0,45.0,1,0,0,0
2020-02-02 00:00:03.005928,35.0,26.0,29.0,46.0,28.0,40.0,25.0,50.0,33.0,35.0,30.0,36.0,27.0,41.0,27.0,45.0,1,0,0,0
2020-02-02 00:00:09.314307,36.0,27.0,29.0,46.0,28.0,40.0,25.0,50.0,33.0,35.0,30.0,36.0,27.0,41.0,27.0,45.0,1,0,0,0
2020-02-02 00:00:15.629800,36.0,27.0,29.0,46.0,28.0,40.0,25.0,50.0,33.0,35.0,30.0,36.0,27.0,41.0,27.0,45.0,1,0,0,0
2020-02-02 00:00:21.947094,36.0,26.0,29.0,45.0,28.0,40.0,25.0,50.0,33.0,35.0,30.0,35.0,27.0,41.0,27.0,45.0,1,0,0,0
2020-02-02 00:00:33.308443,36.0,26.0,29.0,45.0,28.0,40.0,25.0,50.0,33.0,34.0,30.0,35.0,27.0,41.0,27.0,45.0,1,0,0,0
2020-02-02 00:00:44.706289,36.0,26.0,29.0,45.0,28.0,37.0,25.0,50.0,33.0,34.0,30.0,35.0,27.0,40.0,28.0,46.0,1,0,0,0
2020-02-02 00:00:58.604167,36.0,26.0,29.0,45.0,28.0,40.0,25.0,50.0,33.0,34.0,30.0,35.0,27.0,40.0,28.0,46.0,1,0,0,0
2020-02-02 00:01:07.478462,36.0,25.0,29.0,45.0,28.0,40.0,25.0,50.0,33.0,34.0,30.0,35.0,27.0,40.0,28.0,46.0,1,0,0,0
2020-02-02 00:01:21.384465,36.0,25.0,29.0,45.0,28.0,40.0,25.0,50.0,33.0,34.0,30.0,35.0,27.0,40.0,28.0,46.0,1,0,0,0
2020-02-02 00:01:35.293297,36.0,25.0,29.0,45.0,28.0,37.0,25.0,50.0,33.0,34.0,30.0,35.0,28.0,41.0,28.0,46.0,1,0,0,0
2020-02-02 00:01:41.591100,36.0,25.0,29.0,45.0,28.0,40.0,25.0,50.0,34.0,34.0,30.0,34.0,28.0,41.0,28.0,46.0,1,0,0,0
2020-02-02 00:01:47.897673,36.0,25.0,29.0,45.0,28.0,40.0,25.0,50.0,34.0,34.0,30.0,35.0,28.0,41.0,28.0,46.0,1,0,0,0
2020-02-02 00:01:56.752365,36.0,25.0,29.0,45.0,28.0,40.0,25.0,50.0,34.0,34.0,30.0,35.0,28.0,41.0,28.0,46.0,1,0,0,0
2020-02-02 00:02:05.612669,36.0,24.0,29.0,45.0,28.0,40.0,25.0,50.0,34.0,34.0,30.0,34.0,28.0,41.0,28.0,46.0,1,0,0,0
2020-02-02 00:02:14.468257,36.0,24.0,30.0,45.0,28.0,40.0,25.0,50.0,34.0,34.0,30.0,34.0,28.0,41.0,28.0,46.0,1,0,0,0
2020-02-02 00:02:23.302764,36.0,24.0,30.0,45.0,28.0,40.0,25.0,50.0,34.0,34.0,30.0,34.0,28.0,41.0,28.0,46.0,1,0,0,0
2020-02-02 00:02:39.802826,36.0,24.0,30.0,45.0,28.0,40.0,25.0,50.0,34.0,34.0,31.0,35.0,28.0,41.0,28.0,46.0,1,0,0,0
2020-02-02 00:02:51.177572,36.0,24.0,30.0,45.0,28.0,37.0,25.0,50.0,34.0,34.0,31.0,35.0,28.0,40.0,28.0,46.0,1,0,0,0
2020-02-02 00:03:02.543346,36.0,24.0,30.0,45.0,28.0,40.0,25.0,50.0,34.0,34.0,31.0,35.0,28.0,41.0,28.0,46.0,1,0,0,0
2020-02-02 00:03:08.869379,36.0,24.0,30.0,45.0,28.0,40.0,25.0,50.0,34.0,34.0,31.0,35.0,28.0,41.0,28.0,46.0,1,0,0,0
2020-02-02 00:03:17.721159,36.0,24.0,30.0,45.0,29.0,41.0,25.0,50.0,34.0,33.0,31.0,35.0,28.0,41.0,28.0,46.0,1,0,0,0
2020-02-02 00:03:24.042200,37.0,24.0,30.0,45.0,29.0,41.0,25.0,50.0,34.0,33.0,31.0,34.0,28.0,40.0,28.0,46.0,1,0,0,0
2020-02-02 00:03:32.872486,37.0,24.0,30.0,45.0,29.0,38.0,25.0,50.0,34.0,33.0,31.0,34.0,28.0,41.0,28.0,46.0,1,0,0,0
2020-02-02 00:03:41.725505,37.0,24.0,30.0,45.0,29.0,40.0,25.0,50.0,34.0,33.0,31.0,34.0,28.0,40.0,28.0,46.0,1,0,0,0
2020-02-02 00:03:50.572711,37.0,23.0,30.0,45.0,29.0,38.0,25.0,50.0,34.0,33.0,31.0,34.0,28.0,40.0,28.0,46.0,1,0,0,0
2020-02-02 00:04:04.480645,37.0,23.0,30.0,45.0,29.0,41.0,25.0,50.0,34.0,33.0,31.0,34.0,28.0,41.0,28.0,46.0,1,0,0,0
2020-02-02 00:04:15.855777,37.0,23.0,30.0,45.0,29.0,38.0,25.0,50.0,34.0,33.0,31.0,34.0,28.0,40.0,28.0,46.0,1,0,0,0
2020-02-02 00:04:24.702641,37.0,23.0,30.0,45.0,29.0,40.0,25.0,50.0,34.0,33.0,31.0,34.0,28.0,40.0,28.0,46.0,1,0,0,0
2020-02-02 00:04:38.591752,37.0,23.0,30.0,45.0,29.0,38.0,25.0,50.0,34.0,33.0,31.0,34.0,28.0,40.0,28.0,46.0,1,0,0,0
2020-02-02 00:04:52.521439,37.0,23.0,30.0,44.0,29.0,37.0,25.0,50.0,34.0,34.0,31.0,34.0,28.0,40.0,28.0,46.0,1,0,0,0
2020-02-02 00:05:01.360839,37.0,23.0,30.0,44.0,29.0,40.0,25.0,50.0,34.0,34.0,31.0,34.0,28.0,40.0,28.0,46.0,1,0,0,0
2020-02-02 00:05:07.702019,37.0,23.0,30.0,44.0,29.0,40.0,25.0,50.0,34.0,34.0,31.0,34.0,28.0,40.0,28.0,46.0,1,0,0,0
2020-02-02 00:05:19.098530,37.0,22.0,30.0,44.0,29.0,40.0,25.0,50.0,35.0,34.0,31.0,33.0,28.0,40.0,28.0,46.0,1,0,0,0
2020-02-02 00:05:27.944587,37.0,22.0,30.0,44.0,29.0,40.0,25.0,50.0,34.0,34.0,31.0,33.0,28.0,40.0,28.0,46.0,1,0,0,0
2020-02-02 00:05:36.781454,37.0,22.0,30.0,44.0,29.0,40.0,25.0,50.0,34.0,34.0,31.0,33.0,28.0,40.0,28.0,46.0,1,0,0,0
2020-02-02 00:05:43.095226,37.0,22.0,30.0,44.0,29.0,40.0,25.0,50.0,34.0,34.0,31.0,33.0,28.0,40.0,28.0,46.0,1,0,0,0
2020-02-02 00:05:51.937747,37.0,22.0,30.0,44.0,29.0,40.0,25.0,50.0,35.0,34.0,31.0,33.0,28.0,40.0,28.0,46.0,1,0,0,0
2020-02-02 00:06:03.390020,37.0,22.0,30.0,44.0,29.0,40.0,25.0,50.0,35.0,34.0,31.0,33.0,28.0,40.0,28.0,46.0,1,0,0,0
2020-02-02 00:06:09.713543,37.0,22.0,30.0,44.0,29.0,40.0,25.0,50.0,35.0,34.0,31.0,33.0,28.0,40.0,28.0,46.0,1,0,0,0
2020-02-02 00:06:18.563903,37.0,22.0,30.0,44.0,29.0,40.0,25.0,50.0,35.0,34.0,31.0,33.0,28.0,40.0,28.0,46.0,1,0,0,0
2020-02-02 00:06:27.410081,37.0,22.0,30.0,44.0,29.0,37.0,25.0,50.0,35.0,34.0,31.0,33.0,28.0,40.0,28.0,46.0,1,0,0,0
2020-02-02 00:06:33.725219,37.0,22.0,30.0,44.0,29.0,40.0,25.0,50.0,35.0,34.0,31.0,33.0,28.0,40.0,29.0,47.0,1,0,0,0
2020-02-02 00:06:42.575550,37.0,22.0,30.0,44.0,29.0,40.0,25.0,50.0,35.0,34.0,32.0,32.0,28.0,40.0,29.0,47.0,1,0,0,0
2020-02-02 00:06:56.485325,38.0,23.0,30.0,44.0,29.0,40.0,25.0,50.0,35.0,34.0,31.0,32.0,28.0,40.0,29.0,47.0,1,0,0,0
2020-02-02 00:07:07.901153,37.0,21.0,30.0,44.0,29.0,40.0,25.0,50.0,35.0,34.0,32.0,32.0,28.0,40.0,29.0,47.0,1,0,0,0
2020-02-02 00:07:16.754525,37.0,21.0,31.0,45.0,29.0,40.0,26.0,51.0,35.0,34.0,32.0,32.0,28.0,40.0,29.0,47.0,1,0,0,0
2020-02-02 00:07:28.139318,37.0,21.0,31.0,45.0,29.0,40.0,26.0,51.0,35.0,33.0,32.0,32.0,28.0,40.0,29.0,47.0,1,0,0,0
2020-02-02 00:07:39.523301,38.0,23.0,31.0,45.0,29.0,40.0,26.0,51.0,35.0,33.0,32.0,32.0,28.0,40.0,29.0,47.0,1,0,0,0
2020-02-02 00:07:45.845225,37.0,21.0,31.0,45.0,29.0,40.0,26.0,51.0,35.0,33.0,32.0,32.0,28.0,39.0,29.0,47.0,1,0,0,0
2020-02-02 00:07:54.707837,38.0,22.0,31.0,45.0,29.0,40.0,26.0,51.0,35.0,34.0,32.0,32.0,28.0,39.0,29.0,47.0,1,0,0,0
2020-02-02 00:08:06.077146,38.0,22.0,31.0,45.0,29.0,40.0,26.0,51.0,35.0,33.0,32.0,32.0,28.0,40.0,29.0,47.0,1,0,0,0
2020-02-02 00:08:19.965347,38.0,22.0,31.0,45.0,29.0,40.0,26.0,51.0,35.0,34.0,32.0,32.0,28.0,40.0,29.0,47.0,1,0,0,0
2020-02-02 00:08:28.797724,38.0,22.0,31.0,44.0,29.0,40.0,26.0,51.0,35.0,34.0,32.0,33.0,28.0,40.0,29.0,47.0,1,0,0,0
2020-02-02 00:08:40.172549,38.0,22.0,31.0,45.0,29.0,40.0,26.0,51.0,35.0,33.0,32.0,33.0,28.0,40.0,29.0,47.0,1,0,0,0
2020-02-02 00:08:49.004255,38.0,22.0,31.0,44.0,29.0,40.0,26.0,51.0,35.0,33.0,32.0,33.0,28.0,40.0,29.0,47.0,1,0,0,0
2020-02-02 00:08:57.843683,38.0,22.0,31.0,44.0,29.0,40.0,26.0,51.0,35.0,33.0,32.0,33.0,28.0,40.0,29.0,47.0,1,0,0,0
2020-02-02 00:09:04.158472,38.0,22.0,31.0,44.0,29.0,40.0,26.0,51.0,35.0,33.0,32.0,33.0,28.0,40.0,29.0,47.0,1,0,0,0
2020-02-02 00:09:10.478435,38.0,22.0,31.0,44.0,29.0,40.0,26.0,51.0,35.0,33.0,32.0,33.0,20.0,39.0,29.0,47.0,1,0,0,0
2020-02-02 00:09:16.781061,38.0,22.0,31.0,44.0,29.0,40.0,26.0,51.0,35.0,33.0,32.0,33.0,28.0,39.0,29.0,47.0,1,0,0,0
2020-02-02 00:09:25.708208,38.0,22.0,31.0,44.0,29.0,37.0,26.0,51.0,35.0,33.0,32.0,33.0,29.0,40.0,29.0,47.0,1,0,0,0
2020-02-02 00:09:32.043391,38.0,21.0,31.0,44.0,29.0,40.0,26.0,51.0,35.0,33.0,32.0,33.0,28.0,39.0,29.0,47.0,1,0,0,0
2020-02-02 00:09:40.890753,38.0,21.0,31.0,44.0,29.0,40.0,26.0,51.0,35.0,33.0,32.0,33.0,28.0,39.0,29.0,47.0,1,0,0,0
2020-02-02 00:09:50.030601,38.0,21.0,31.0,44.0,29.0,40.0,26.0,51.0,35.0,33.0,32.0,33.0,28.0,39.0,29.0,47.0,1,0,0,0
2020-02-02 00:10:01.403893,38.0,21.0,31.0,44.0,29.0,37.0,26.0,51.0,35.0,33.0,32.0,33.0,29.0,40.0,29.0,47.0,1,0,0,0
2020-02-02 00:10:10.262182,38.0,21.0,31.0,44.0,29.0,40.0,26.0,51.0,35.0,33.0,32.0,32.0,28.0,39.0,29.0,47.0,1,0,0,0
2020-02-02 00:10:24.174253,38.0,21.0,31.0,44.0,29.0,37.0,26.0,51.0,35.0,33.0,32.0,33.0,29.0,40.0,29.0,47.0,1,0,0,0
2020-02-02 00:10:38.095447,38.0,21.0,31.0,44.0,29.0,40.0,26.0,51.0,35.0,33.0,32.0,32.0,29.0,40.0,29.0,47.0,1,0,0,0
2020-02-02 00:10:46.938404,38.0,21.0,31.0,44.0,29.0,40.0,26.0,51.0,35.0,33.0,32.0,33.0,29.0,40.0,29.0,47.0,1,0,0,0
2020-02-02 00:10:55.792689,38.0,21.0,31.0,44.0,29.0,40.0,26.0,51.0,35.0,33.0,32.0,32.0,29.0,40.0,29.0,47.0,1,0,0,0
2020-02-02 00:11:07.162979,38.0,21.0,31.0,44.0,29.0,40.0,26.0,51.0,36.0,34.0,32.0,32.0,29.0,40.0,29.0,47.0,1,0,0,0
2020-02-02 00:11:13.486935,38.0,21.0,31.0,44.0,29.0,40.0,26.0,51.0,36.0,34.0,32.0,32.0,29.0,40.0,29.0,47.0,1,0,0,0
2020-02-02 00:11:22.326581,38.0,21.0,31.0,44.0,30.0,40.0,26.0,51.0,36.0,34.0,32.0,32.0,29.0,40.0,29.0,47.0,1,0,0,0
2020-02-02 00:11:31.224030,38.0,21.0,31.0,44.0,29.0,40.0,26.0,51.0,36.0,33.0,32.0,32.0,29.0,40.0,29.0,47.0,1,0,0,0
2020-02-02 00:11:37.528536,38.0,21.0,31.0,44.0,29.0,40.0,26.0,51.0,36.0,33.0,32.0,32.0,29.0,40.0,29.0,47.0,1,0,0,0
2020-02-02 00:11:51.423628,38.0,21.0,31.0,44.0,30.0,40.0,26.0,51.0,36.0,33.0,32.0,32.0,29.0,40.0,29.0,47.0,1,0,0,0
2020-02-02 00:12:02.804428,38.0,21.0,31.0,44.0,30.0,40.0,26.0,51.0,36.0,33.0,32.0,32.0,29.0,40.0,29.0,47.0,1,0,0,0
2020-02-02 00:12:14.165077,38.0,21.0,31.0,44.0,30.0,40.0,26.0,51.0,36.0,33.0,32.0,32.0,29.0,40.0,29.0,47.0,1,0,0,0
2020-02-02 00:12:25.525996,38.0,21.0,31.0,44.0,30.0,40.0,26.0,51.0,36.0,33.0,32.0,32.0,29.0,40.0,29.0,47.0,1,0,0,0
2020-02-02 00:12:36.889492,38.0,21.0,31.0,44.0,29.0,40.0,26.0,51.0,36.0,33.0,32.0,32.0,29.0,40.0,29.0,47.0,1,0,0,0
2020-02-02 00:12:43.232235,38.0,21.0,31.0,44.0,30.0,40.0,26.0,51.0,36.0,33.0,32.0,32.0,29.0,40.0,29.0,47.0,1,0,0,0
2020-02-02 00:12:52.065981,38.0,21.0,31.0,44.0,30.0,40.0,26.0,51.0,36.0,33.0,32.0,32.0,29.0,40.0,29.0,47.0,1,0,0,0
2020-02-02 00:13:03.428122,38.0,21.0,31.0,44.0,30.0,40.0,26.0,51.0,36.0,33.0,32.0,32.0,29.0,40.0,29.0,47.0,1,0,0,0
2020-02-02 00:13:09.740402,38.0,21.0,31.0,44.0,30.0,40.0,26.0,51.0,36.0,33.0,32.0,32.0,29.0,40.0,29.0,47.0,1,0,0,0
2020-02-02 00:13:26.181110,38.0,21.0,31.0,44.0,30.0,40.0,26.0,51.0,36.0,33.0,32.0,32.0,29.0,40.0,29.0,47.0,1,0,0,0
2020-02-02 00:13:32.491938,38.0,21.0,31.0,44.0,30.0,39.0,26.0,51.0,36.0,33.0,32.0,32.0,29.0,40.0,29.0,47.0,1,0,0,0
2020-02-02 00:13:38.817152,38.0,21.0,31.0,43.0,30.0,39.0,26.0,51.0,36.0,33.0,32.0,32.0,29.0,40.0,29.0,47.0,1,0,0,0
2020-02-02 00:13:47.653370,38.0,21.0,31.0,44.0,30.0,39.0,26.0,51.0,36.0,33.0,32.0,32.0,29.0,40.0,29.0,47.0,1,0,0,0
2020-02-02 00:13:56.481115,38.0,21.0,31.0,43.0,30.0,37.0,26.0,51.0,36.0,33.0,32.0,32.0,29.0,40.0,29.0,47.0,1,0,0,0
2020-02-02 00:14:02.785551,38.0,20.0,31.0,43.0,30.0,39.0,26.0,50.0,36.0,33.0,32.0,32.0,29.0,40.0,29.0,47.0,1,0,0,0
2020-02-02 00:14:14.159977,38.0,20.0,31.0,43.0,30.0,39.0,26.0,51.0,36.0,33.0,32.0,32.0,29.0,40.0,29.0,47.0,1,0,0,0
2020-02-02 00:14:20.465442,38.0,20.0,31.0,43.0,30.0,39.0,26.0,51.0,36.0,33.0,32.0,32.0,29.0,40.0,29.0,47.0,1,0,0,0
2020-02-02 00:14:29.309215,38.0,20.0,31.0,43.0,30.0,39.0,26.0,51.0,36.0,33.0,32.0,32.0,29.0,40.0,29.0,47.0,1,0,0,0
2020-02-02 00:14:40.690914,38.0,20.0,31.0,43.0,30.0,39.0,26.0,51.0,36.0,33.0,32.0,32.0,29.0,39.0,29.0,47.0,1,0,0,0
2020-02-02 00:14:49.549169,38.0,20.0,31.0,43.0,30.0,39.0,26.0,51.0,36.0,33.0,32.0,32.0,29.0,40.0,29.0,47.0,1,0,0,0
2020-02-02 00:14:55.855996,38.0,20.0,31.0,43.0,30.0,39.0,26.0,50.0,36.0,33.0,32.0,31.0,29.0,40.0,29.0,47.0,1,0,0,0
2020-02-02 00:15:07.248687,38.0,20.0,31.0,43.0,30.0,39.0,26.0,50.0,36.0,32.0,32.0,32.0,29.0,40.0,29.0,47.0,1,0,0,0
2020-02-02 00:15:16.080624,38.0,20.0,31.0,43.0,30.0,36.0,26.0,51.0,36.0,32.0,32.0,31.0,29.0,40.0,29.0,47.0,1,0,0,0
2020-02-02 00:15:24.904791,38.0,20.0,31.0,43.0,30.0,39.0,26.0,50.0,36.0,32.0,32.0,32.0,29.0,40.0,29.0,47.0,1,0,0,0
2020-02-02 00:15:31.259502,38.0,20.0,31.0,43.0,30.0,39.0,26.0,51.0,36.0,32.0,32.0,32.0,29.0,40.0,29.0,47.0,1,0,0,0
2020-02-02 00:15:37.615036,38.0,20.0,31.0,43.0,30.0,39.0,26.0,51.0,36.0,32.0,32.0,31.0,29.0,39.0,29.0,47.0,1,0,0,0
2020-02-02 00:15:46.451114,38.0,20.0,31.0,43.0,30.0,36.0,26.0,51.0,36.0,32.0,32.0,31.0,29.0,39.0,29.0,47.0,0,1,0,0
2020-02-02 00:16:00.407371,38.0,20.0,31.0,43.0,30.0,36.0,26.0,51.0,36.0,32.0,33.0,32.0,29.0,39.0,29.0,47.0,0,1,0,0
2020-02-02 00:16:09.257187,38.0,20.0,31.0,43.0,30.0,39.0,26.0,51.0,36.0,33.0,32.0,31.0,29.0,40.0,29.0,47.0,0,1,0,0
2020-02-02 00:16:18.093324,36.0,22.0,31.0,43.0,30.0,39.0,26.0,51.0,36.0,34.0,32.0,31.0,29.0,40.0,29.0,47.0,0,1,0,0
2020-02-02 00:16:29.462735,30.0,31.0,31.0,43.0,30.0,37.0,26.0,51.0,36.0,34.0,32.0,31.0,28.0,39.0,29.0,47.0,0,1,0,0
2020-02-02 00:16:43.364504,30.0,32.0,31.0,43.0,29.0,40.0,26.0,51.0,35.0,34.0,32.0,32.0,28.0,39.0,29.0,47.0,0,1,0,0
2020-02-02 00:16:52.204695,26.0,38.0,31.0,43.0,29.0,40.0,26.0,51.0,35.0,33.0,32.0,32.0,28.0,39.0,29.0,47.0,0,1,0,0
2020-02-02 00:17:06.089475,26.0,39.0,30.0,43.0,29.0,41.0,26.0,51.0,35.0,33.0,31.0,33.0,28.0,39.0,29.0,48.0,0,1,0,0
2020-02-02 00:17:12.405295,25.0,41.0,30.0,43.0,29.0,41.0,26.0,51.0,35.0,33.0,31.0,32.0,28.0,40.0,29.0,48.0,0,1,0,0
2020-02-02 00:17:23.780196,24.0,43.0,30.0,43.0,29.0,41.0,26.0,51.0,34.0,34.0,31.0,32.0,28.0,40.0,28.0,47.0,0,1,0,0
2020-02-02 00:17:30.073540,23.0,45.0,30.0,44.0,29.0,41.0,26.0,51.0,34.0,34.0,31.0,32.0,28.0,41.0,28.0,47.0,0,1,0,0
2020-02-02 00:17:36.389088,23.0,47.0,30.0,44.0,29.0,41.0,26.0,51.0,34.0,34.0,31.0,32.0,28.0,41.0,28.0,47.0,0,1,0,0
2020-02-02 00:17:42.708731,23.0,48.0,30.0,44.0,29.0,42.0,26.0,51.0,34.0,35.0,31.0,32.0,28.0,41.0,28.0,48.0,0,1,0,0
2020-02-02 00:17:49.020367,23.0,48.0,30.0,45.0,28.0,41.0,26.0,51.0,34.0,35.0,31.0,33.0,28.0,41.0,28.0,48.0,0,1,0,0
2020-02-02 00:17:55.333410,23.0,49.0,30.0,45.0,28.0,41.0,26.0,51.0,34.0,35.0,30.0,32.0,27.0,40.0,28.0,48.0,0,1,0,0
2020-02-02 00:18:09.257655,22.0,50.0,30.0,45.0,28.0,41.0,26.0,51.0,34.0,35.0,30.0,32.0,27.0,40.0,28.0,48.0,0,1,0,0
2020-02-02 00:18:15.571480,22.0,51.0,29.0,45.0,28.0,42.0,25.0,51.0,34.0,36.0,30.0,33.0,27.0,40.0,28.0,48.0,0,1,0,0
2020-02-02 00:18:21.891334,22.0,52.0,29.0,45.0,28.0,42.0,25.0,51.0,33.0,36.0,30.0,33.0,27.0,40.0,28.0,48.0,0,1,0,0
2020-02-02 00:18:28.197593,22.0,52.0,29.0,46.0,28.0,42.0,25.0,51.0,33.0,36.0,30.0,32.0,27.0,40.0,28.0,49.0,0,1,0,0
2020-02-02 00:18:39.573438,22.0,52.0,29.0,46.0,28.0,42.0,25.0,51.0,33.0,37.0,30.0,33.0,27.0,41.0,28.0,49.0,0,1,0,0
2020-02-02 00:18:45.873129,22.0,53.0,29.0,46.0,28.0,42.0,25.0,51.0,33.0,37.0,30.0,34.0,27.0,41.0,28.0,49.0,0,1,0,0
2020-02-02 00:18:52.185839,22.0,53.0,29.0,46.0,28.0,42.0,25.0,51.0,33.0,37.0,30.0,34.0,27.0,41.0,28.0,49.0,0,1,0,0
2020-02-02 00:18:58.503158,22.0,53.0,29.0,46.0,28.0,42.0,25.0,51.0,33.0,37.0,29.0,34.0,27.0,41.0,27.0,48.0,0,1,0,0
2020-02-02 00:19:04.822994,22.0,54.0,29.0,46.0,28.0,42.0,25.0,51.0,33.0,37.0,29.0,34.0,27.0,42.0,27.0,48.0,0,1,0,0
2020-02-02 00:19:11.151369,22.0,54.0,29.0,46.0,28.0,43.0,25.0,51.0,33.0,38.0,29.0,34.0,27.0,42.0,27.0,48.0,0,1,0,0
2020-02-02 00:19:20.000246,22.0,54.0,29.0,47.0,28.0,43.0,25.0,51.0,33.0,38.0,29.0,35.0,27.0,42.0,27.0,48.0,0,1,0,0
2020-02-02 00:19:26.320320,22.0,54.0,29.0,47.0,27.0,39.0,25.0,51.0,32.0,37.0,29.0,34.0,27.0,42.0,27.0,49.0,0,1,0,0
2020-02-02 00:19:37.711802,22.0,54.0,29.0,47.0,27.0,42.0,25.0,51.0,32.0,37.0,29.0,35.0,27.0,42.0,27.0,49.0,0,1,0,0
2020-02-02 00:19:46.551176,22.0,54.0,29.0,47.0,27.0,42.0,25.0,51.0,32.0,38.0,29.0,35.0,26.0,42.0,27.0,49.0,0,1,0,0
2020-02-02 00:19:57.921376,21.0,53.0,29.0,47.0,27.0,39.0,25.0,51.0,32.0,38.0,29.0,36.0,26.0,43.0,27.0,49.0,0,1,0,0
2020-02-02 00:20:04.224366,21.0,54.0,28.0,46.0,27.0,42.0,25.0,51.0,32.0,38.0,29.0,36.0,26.0,43.0,27.0,49.0,0,1,0,0
2020-02-02 00:20:13.067832,21.0,54.0,28.0,47.0,27.0,42.0,25.0,51.0,32.0,38.0,29.0,36.0,26.0,43.0,27.0,49.0,0,1,0,0
2020-02-02 00:20:24.437151,21.0,54.0,28.0,47.0,27.0,42.0,25.0,51.0,32.0,39.0,29.0,37.0,26.0,43.0,27.0,49.0,0,1,0,0
2020-02-02 00:20:35.829159,21.0,54.0,28.0,47.0,27.0,42.0,25.0,51.0,32.0,39.0,28.0,36.0,26.0,44.0,27.0,49.0,0,1,0,0
2020-02-02 00:20:42.148477,21.0,54.0,28.0,47.0,27.0,43.0,25.0,51.0,31.0,39.0,28.0,36.0,26.0,43.0,27.0,49.0,0,1,0,0
2020-02-02 00:20:50.984898,21.0,54.0,28.0,47.0,27.0,43.0,25.0,51.0,31.0,39.0,28.0,36.0,26.0,44.0,27.0,50.0,0,1,0,0
2020-02-02 00:20:57.297797,21.0,54.0,28.0,47.0,27.0,43.0,25.0,51.0,31.0,39.0,28.0,36.0,26.0,44.0,27.0,50.0,0,1,0,0
2020-02-02 00:21:03.595935,21.0,54.0,28.0,47.0,27.0,43.0,25.0,51.0,31.0,39.0,28.0,36.0,26.0,43.0,27.0,50.0,0,1,0,0
2020-02-02 00:21:12.452541,21.0,54.0,28.0,47.0,27.0,43.0,25.0,51.0,31.0,39.0,28.0,37.0,26.0,44.0,26.0,50.0,0,1,0,0
2020-02-02 00:21:21.301012,21.0,54.0,28.0,47.0,27.0,44.0,25.0,51.0,31.0,39.0,28.0,37.0,26.0,44.0,26.0,50.0,0,1,0,0
2020-02-02 00:21:30.132691,21.0,54.0,28.0,48.0,27.0,43.0,25.0,51.0,31.0,40.0,28.0,37.0,26.0,44.0,26.0,50.0,0,1,0,0
2020-02-02 00:21:36.437347,21.0,54.0,28.0,48.0,27.0,44.0,25.0,51.0,31.0,40.0,28.0,37.0,26.0,44.0,26.0,50.0,0,1,0,0
2020-02-02 00:21:45.277724,21.0,54.0,28.0,48.0,27.0,41.0,25.0,51.0,31.0,40.0,28.0,38.0,26.0,44.0,26.0,50.0,0,1,0,0
2020-02-02 00:21:51.594076,21.0,54.0,28.0,48.0,27.0,43.0,25.0,51.0,31.0,40.0,28.0,38.0,26.0,44.0,26.0,50.0,0,1,0,0
2020-02-02 00:22:02.943841,21.0,54.0,28.0,48.0,27.0,41.0,25.0,51.0,30.0,40.0,28.0,38.0,25.0,44.0,26.0,50.0,0,1,0,0
2020-02-02 00:22:11.778920,21.0,54.0,28.0,48.0,27.0,43.0,25.0,51.0,30.0,40.0,28.0,38.0,25.0,44.0,26.0,50.0,0,1,0,0
2020-02-02 00:22:18.094479,21.0,54.0,28.0,48.0,26.0,44.0,25.0,51.0,30.0,40.0,28.0,39.0,25.0,44.0,26.0,50.0,0,1,0,0
2020-02-02 00:22:24.434879,21.0,54.0,28.0,48.0,26.0,44.0,25.0,51.0,30.0,40.0,27.0,38.0,25.0,44.0,26.0,50.0,0,1,0,0
2020-02-02 00:22:30.809878,21.0,54.0,28.0,48.0,26.0,44.0,25.0,51.0,30.0,40.0,27.0,38.0,25.0,44.0,26.0,50.0,0,1,0,0
2020-02-02 00:22:39.654851,21.0,54.0,27.0,47.0,26.0,44.0,25.0,51.0,30.0,40.0,27.0,38.0,25.0,44.0,26.0,50.0,0,1,0,0
2020-02-02 00:22:45.992235,21.0,55.0,27.0,47.0,26.0,44.0,25.0,51.0,30.0,40.0,27.0,38.0,25.0,44.0,26.0,50.0,0,1,0,0
2020-02-02 00:22:54.839172,21.0,55.0,27.0,47.0,26.0,44.0,25.0,51.0,30.0,41.0,27.0,38.0,25.0,44.0,26.0,50.0,0,1,0,0
2020-02-02 00:23:03.675730,21.0,55.0,27.0,47.0,26.0,44.0,25.0,51.0,30.0,41.0,27.0,39.0,25.0,44.0,26.0,50.0,0,1,0,0
2020-02-02 00:23:12.522989,21.0,55.0,27.0,47.0,26.0,41.0,25.0,51.0,30.0,41.0,27.0,39.0,25.0,44.0,26.0,51.0,0,1,0,0
2020-02-02 00:23:18.845317,21.0,55.0,27.0,47.0,26.0,44.0,25.0,51.0,30.0,41.0,27.0,39.0,25.0,44.0,26.0,51.0,0,1,0,0
2020-02-02 00:23:32.736763,21.0,55.0,27.0,47.0,26.0,44.0,25.0,51.0,29.0,41.0,27.0,39.0,25.0,45.0,26.0,51.0,0,1,0,0
2020-02-02 00:23:41.580469,21.0,55.0,27.0,48.0,26.0,45.0,25.0,52.0,29.0,41.0,27.0,39.0,25.0,45.0,26.0,51.0,0,1,0,0
2020-02-02 00:23:52.953887,21.0,55.0,27.0,48.0,26.0,45.0,24.0,52.0,29.0,41.0,27.0,39.0,25.0,45.0,25.0,50.0,0,1,0,0
2020-02-02 00:24:01.820599,21.0,55.0,27.0,48.0,26.0,45.0,25.0,52.0,29.0,41.0,27.0,39.0,25.0,45.0,25.0,50.0,0,1,0,0
2020-02-02 00:24:10.674338,21.0,55.0,27.0,48.0,26.0,45.0,24.0,52.0,29.0,42.0,27.0,40.0,25.0,45.0,25.0,50.0,0,1,0,0
2020-02-02 00:24:17.057861,21.0,55.0,27.0,48.0,26.0,45.0,24.0,52.0,29.0,42.0,27.0,40.0,25.0,45.0,25.0,50.0,0,1,0,0
2020-02-02 00:24:23.392354,21.0,55.0,27.0,48.0,26.0,45.0,24.0,52.0,29.0,42.0,27.0,40.0,25.0,45.0,25.0,50.0,0,1,0,0
2020-02-02 00:24:42.381292,21.0,55.0,27.0,48.0,26.0,42.0,24.0,52.0,29.0,42.0,27.0,40.0,25.0,45.0,25.0,50.0,0,1,0,0
2020-02-02 00:24:48.689386,21.0,55.0,27.0,48.0,26.0,45.0,24.0,52.0,29.0,42.0,27.0,40.0,25.0,46.0,25.0,50.0,0,1,0,0
2020-02-02 00:25:00.068869,21.0,55.0,27.0,48.0,26.0,45.0,24.0,52.0,29.0,42.0,26.0,41.0,25.0,46.0,25.0,50.0,0,1,0,0
2020-02-02 00:25:06.401453,21.0,55.0,27.0,49.0,26.0,45.0,24.0,52.0,29.0,42.0,26.0,41.0,25.0,46.0,25.0,50.0,0,1,0,0
2020-02-02 00:25:17.788588,21.0,55.0,27.0,49.0,26.0,45.0,24.0,52.0,29.0,42.0,26.0,41.0,25.0,46.0,25.0,50.0,0,1,0,0
2020-02-02 00:25:24.108175,21.0,55.0,27.0,49.0,26.0,45.0,24.0,52.0,29.0,42.0,26.0,41.0,25.0,45.0,25.0,51.0,0,1,0,0
2020-02-02 00:25:32.979451,21.0,55.0,27.0,49.0,26.0,45.0,24.0,52.0,29.0,42.0,26.0,41.0,24.0,45.0,25.0,51.0,0,1,0,0
2020-02-02 00:25:46.888808,21.0,55.0,27.0,49.0,25.0,44.0,24.0,52.0,29.0,43.0,26.0,41.0,25.0,46.0,25.0,51.0,0,1,0,0
2020-02-02 00:25:53.231028,21.0,55.0,27.0,49.0,25.0,44.0,24.0,52.0,29.0,43.0,26.0,40.0,24.0,46.0,25.0,51.0,0,1,0,0
2020-02-02 00:25:59.540520,21.0,55.0,26.0,49.0,25.0,44.0,24.0,52.0,28.0,42.0,26.0,41.0,24.0,46.0,25.0,51.0,0,1,0,0
2020-02-02 00:26:08.394722,21.0,55.0,26.0,49.0,25.0,45.0,24.0,52.0,28.0,42.0,26.0,41.0,24.0,46.0,25.0,51.0,0,1,0,0
2020-02-02 00:26:17.244032,21.0,55.0,26.0,49.0,25.0,44.0,24.0,52.0,28.0,42.0,26.0,41.0,24.0,46.0,25.0,51.0,0,1,0,0
2020-02-02 00:26:31.233366,21.0,55.0,26.0,49.0,25.0,42.0,24.0,52.0,28.0,42.0,26.0,41.0,24.0,46.0,25.0,51.0,0,1,0,0
2020-02-02 00:26:40.091259,21.0,55.0,26.0,49.0,25.0,44.0,24.0,52.0,28.0,42.0,26.0,42.0,24.0,46.0,25.0,51.0,0,1,0,0
2020-02-02 00:26:46.422601,21.0,55.0,26.0,50.0,25.0,45.0,24.0,52.0,28.0,42.0,26.0,41.0,24.0,46.0,25.0,51.0,0,1,0,0
2020-02-02 00:26:52.807337,21.0,55.0,26.0,50.0,25.0,45.0,24.0,52.0,28.0,42.0,26.0,41.0,24.0,46.0,25.0,51.0,0,1,0,0
2020-02-02 00:27:01.706438,21.0,55.0,26.0,50.0,25.0,45.0,24.0,52.0,28.0,42.0,26.0,41.0,24.0,46.0,25.0,51.0,0,1,0,0
2020-02-02 00:27:08.021610,21.0,55.0,26.0,50.0,25.0,45.0,24.0,52.0,28.0,42.0,26.0,42.0,24.0,46.0,25.0,51.0,0,1,0,0
2020-02-02 00:27:19.414684,21.0,55.0,26.0,50.0,25.0,45.0,24.0,52.0,28.0,42.0,26.0,42.0,24.0,46.0,25.0,51.0,1,0,0,0
2020-02-02 00:27:33.350697,21.0,55.0,26.0,50.0,25.0,42.0,24.0,52.0,28.0,43.0,26.0,42.0,24.0,46.0,25.0,51.0,1,0,0,0
2020-02-02 00:27:47.269323,21.0,55.0,26.0,50.0,25.0,45.0,24.0,52.0,28.0,42.0,26.0,42.0,24.0,47.0,25.0,51.0,1,0,0,0
2020-02-02 00:28:01.173057,22.0,53.0,26.0,50.0,26.0,43.0,24.0,52.0,28.0,42.0,26.0,42.0,24.0,46.0,25.0,51.0,1,0,0,0
2020-02-02 00:28:15.074492,23.0,53.0,26.0,50.0,26.0,42.0,24.0,52.0,29.0,42.0,26.0,41.0,25.0,46.0,25.0,50.0,1,0,0,0
2020-02-02 00:28:23.910529,23.0,52.0,27.0,49.0,26.0,45.0,24.0,52.0,29.0,42.0,26.0,41.0,25.0,46.0,25.0,50.0,1,0,0,0
2020-02-02 00:28:30.219503,23.0,50.0,27.0,49.0,26.0,45.0,24.0,51.0,29.0,42.0,27.0,41.0,25.0,45.0,25.0,50.0,1,0,0,0
2020-02-02 00:28:41.584198,24.0,49.0,27.0,49.0,26.0,44.0,24.0,51.0,29.0,41.0,27.0,40.0,25.0,45.0,25.0,50.0,1,0,0,0
2020-02-02 00:28:47.901572,24.0,48.0,27.0,48.0,26.0,44.0,24.0,51.0,29.0,41.0,27.0,40.0,25.0,45.0,25.0,49.0,1,0,0,0
2020-02-02 00:28:54.232390,25.0,46.0,27.0,48.0,26.0,44.0,24.0,51.0,29.0,41.0,27.0,40.0,25.0,44.0,26.0,50.0,1,0,0,0
2020-02-02 00:29:08.128307,25.0,46.0,27.0,48.0,26.0,44.0,24.0,51.0,29.0,40.0,27.0,39.0,25.0,44.0,26.0,50.0,1,0,0,0
2020-02-02 00:29:16.973759,26.0,44.0,27.0,48.0,26.0,43.0,24.0,51.0,30.0,40.0,27.0,39.0,25.0,44.0,26.0,50.0,1,0,0,0
2020-02-02 00:29:25.815190,26.0,43.0,27.0,47.0,27.0,43.0,24.0,51.0,30.0,39.0,27.0,39.0,26.0,44.0,26.0,49.0,1,0,0,0
2020-02-02 00:29:39.742260,27.0,41.0,27.0,47.0,27.0,43.0,25.0,51.0,30.0,38.0,27.0,38.0,26.0,44.0,26.0,49.0,1,0,0,0
2020-02-02 00:29:51.113587,27.0,41.0,28.0,48.0,27.0,42.0,25.0,51.0,30.0,38.0,28.0,39.0,26.0,44.0,26.0,49.0,1,0,0,0
2020-02-02 00:29:57.436177,27.0,40.0,28.0,48.0,27.0,42.0,25.0,51.0,30.0,38.0,28.0,39.0,26.0,44.0,26.0,49.0,1,0,0,0
2020-02-02 00:30:06.324394,27.0,39.0,28.0,47.0,27.0,39.0,25.0,51.0,31.0,39.0,28.0,38.0,26.0,43.0,26.0,49.0,1,0,0,0
2020-02-02 00:30:15.183060,28.0,40.0,28.0,47.0,27.0,42.0,25.0,51.0,31.0,39.0,28.0,38.0,26.0,43.0,26.0,49.0,1,0,0,0
2020-02-02 00:30:21.490680,28.0,39.0,28.0,47.0,27.0,42.0,25.0,51.0,31.0,38.0,28.0,38.0,26.0,43.0,26.0,49.0,1,0,0,0
2020-02-02 00:30:27.817643,28.0,38.0,28.0,47.0,27.0,42.0,25.0,50.0,31.0,38.0,28.0,38.0,26.0,43.0,26.0,48.0,1,0,0,0
2020-02-02 00:30:36.670943,28.0,37.0,28.0,47.0,27.0,41.0,25.0,50.0,31.0,38.0,28.0,38.0,26.0,43.0,26.0,48.0,1,0,0,0
2020-02-02 00:30:45.521130,29.0,38.0,28.0,46.0,27.0,39.0,25.0,50.0,31.0,38.0,28.0,37.0,26.0,42.0,26.0,48.0,1,0,0,0
2020-02-02 00:30:51.872103,29.0,37.0,28.0,46.0,27.0,41.0,25.0,50.0,31.0,37.0,28.0,37.0,26.0,42.0,27.0,48.0,1,0,0,0
2020-02-02 00:31:03.233171,29.0,36.0,28.0,46.0,27.0,38.0,25.0,50.0,31.0,37.0,28.0,37.0,26.0,42.0,27.0,48.0,1,0,0,0
2020-02-02 00:31:12.080948,29.0,35.0,28.0,46.0,27.0,41.0,25.0,50.0,31.0,37.0,28.0,37.0,26.0,42.0,27.0,47.0,1,0,0,0
2020-02-02 00:31:20.920983,30.0,35.0,28.0,46.0,27.0,41.0,25.0,50.0,32.0,37.0,28.0,36.0,27.0,42.0,27.0,47.0,1,0,0,0
2020-02-02 00:31:29.768921,30.0,34.0,29.0,47.0,28.0,42.0,25.0,50.0,32.0,36.0,29.0,37.0,27.0,41.0,27.0,47.0,1,0,0,0
2020-02-02 00:31:41.140886,30.0,33.0,29.0,46.0,28.0,39.0,25.0,50.0,32.0,36.0,29.0,37.0,27.0,41.0,27.0,47.0,1,0,0,0
2020-02-02 00:31:49.984183,30.0,32.0,29.0,46.0,28.0,42.0,25.0,50.0,32.0,36.0,29.0,37.0,27.0,41.0,27.0,47.0,1,0,0,0
2020-02-02 00:31:56.292107,31.0,33.0,29.0,46.0,28.0,42.0,25.0,50.0,32.0,36.0,29.0,37.0,27.0,41.0,27.0,47.0,1,0,0,0
2020-02-02 00:32:02.606393,31.0,32.0,29.0,46.0,28.0,41.0,25.0,50.0,32.0,36.0,29.0,36.0,27.0,41.0,27.0,47.0,1,0,0,0
2020-02-02 00:32:11.449256,31.0,32.0,29.0,46.0,28.0,41.0,25.0,50.0,32.0,36.0,29.0,36.0,27.0,41.0,27.0,47.0,1,0,0,0
2020-02-02 00:32:17.793270,31.0,31.0,29.0,46.0,28.0,38.0,25.0,50.0,32.0,35.0,29.0,36.0,27.0,40.0,27.0,47.0,1,0,0,0
2020-02-02 00:32:31.691442,31.0,33.0,29.0,46.0,28.0,41.0,25.0,50.0,32.0,35.0,29.0,36.0,27.0,40.0,27.0,47.0,1,0,0,0
2020-02-02 00:32:40.601714,32.0,33.0,29.0,46.0,28.0,38.0,25.0,50.0,32.0,35.0,29.0,36.0,27.0,40.0,27.0,46.0,1,0,0,0
2020-02-02 00:32:49.440638,32.0,32.0,29.0,45.0,28.0,41.0,25.0,50.0,32.0,35.0,29.0,35.0,27.0,40.0,27.0,46.0,1,0,0,0
2020-02-02 00:32:58.354380,32.0,32.0,29.0,45.0,28.0,41.0,25.0,50.0,33.0,36.0,29.0,35.0,27.0,40.0,27.0,46.0,1,0,0,0
2020-02-02 00:33:04.677714,32.0,31.0,29.0,45.0,28.0,41.0,25.0,50.0,33.0,35.0,29.0,35.0,27.0,40.0,27.0,46.0,1,0,0,0
2020-02-02 00:33:13.515233,32.0,31.0,29.0,45.0,28.0,41.0,25.0,50.0,33.0,35.0,29.0,35.0,27.0,40.0,27.0,46.0,1,0,0,0
2020-02-02 00:33:22.344687,33.0,31.0,29.0,45.0,28.0,41.0,25.0,50.0,33.0,35.0,30.0,35.0,27.0,40.0,27.0,46.0,1,0,0,0
2020-02-02 00:33:28.641117,33.0,31.0,29.0,45.0,28.0,41.0,25.0,50.0,33.0,35.0,30.0,35.0,27.0,40.0,27.0,46.0,1,0,0,0
2020-02-02 00:33:37.478580,33.0,31.0,29.0,45.0,28.0,40.0,25.0,50.0,33.0,35.0,30.0,34.0,27.0,40.0,27.0,46.0,1,0,0,0
2020-02-02 00:33:46.332586,33.0,30.0,29.0,45.0,28.0,40.0,25.0,50.0,33.0,35.0,30.0,34.0,27.0,40.0,27.0,46.0,1,0,0,0
2020-02-02 00:33:52.637930,33.0,30.0,29.0,45.0,28.0,40.0,25.0,50.0,33.0,34.0,30.0,34.0,27.0,40.0,28.0,47.0,1,0,0,0
2020-02-02 00:34:03.990884,33.0,30.0,29.0,45.0,28.0,40.0,25.0,50.0,33.0,34.0,30.0,34.0,27.0,40.0,28.0,47.0,1,0,0,0
2020-02-02 00:34:15.356620,33.0,29.0,29.0,44.0,28.0,37.0,25.0,50.0,33.0,34.0,30.0,34.0,27.0,39.0,28.0,47.0,1,0,0,0
2020-02-02 00:34:29.299217,34.0,29.0,29.0,45.0,28.0,37.0,25.0,50.0,33.0,34.0,30.0,34.0,27.0,40.0,28.0,47.0,1,0,0,0
2020-02-02 00:34:40.665088,34.0,28.0,29.0,45.0,28.0,40.0,25.0,50.0,33.0,34.0,30.0,33.0,27.0,39.0,28.0,47.0,1,0,0,0
2020-02-02 00:34:47.111861,34.0,28.0,29.0,44.0,28.0,40.0,25.0,50.0,33.0,34.0,30.0,33.0,27.0,39.0,28.0,47.0,1,0,0,0
2020-02-02 00:34:53.447215,34.0,27.0,29.0,44.0,28.0,40.0,25.0,50.0,34.0,34.0,30.0,33.0,28.0,40.0,28.0,47.0,1,0,0,0
2020-02-02 00:35:04.813031,34.0,27.0,29.0,44.0,28.0,40.0,25.0,50.0,34.0,34.0,30.0,33.0,28.0,40.0,28.0,47.0,1,0,0,0
2020-02-02 00:35:16.188190,34.0,27.0,29.0,44.0,29.0,41.0,25.0,50.0,34.0,34.0,30.0,33.0,28.0,40.0,28.0,47.0,1,0,0,0
2020-02-02 00:35:25.026359,34.0,26.0,30.0,44.0,29.0,41.0,25.0,50.0,34.0,34.0,30.0,33.0,28.0,40.0,28.0,46.0,1,0,0,0
2020-02-02 00:35:36.416038,34.0,26.0,30.0,44.0,29.0,38.0,25.0,50.0,34.0,33.0,30.0,33.0,28.0,40.0,28.0,47.0,1,0,0,0
2020-02-02 00:35:42.761088,34.0,26.0,30.0,44.0,29.0,41.0,25.0,50.0,34.0,33.0,30.0,33.0,28.0,40.0,28.0,47.0,1,0,0,0
2020-02-02 00:35:54.188078,35.0,26.0,30.0,44.0,29.0,38.0,25.0,49.0,34.0,33.0,30.0,33.0,28.0,39.0,28.0,46.0,1,0,0,0
2020-02-02 00:36:00.528096,35.0,25.0,30.0,44.0,29.0,41.0,25.0,50.0,34.0,33.0,30.0,32.0,28.0,39.0,28.0,46.0,1,0,0,0
2020-02-02 00:36:09.386068,35.0,25.0,30.0,44.0,29.0,41.0,25.0,49.0,34.0,33.0,31.0,33.0,28.0,39.0,28.0,46.0,1,0,0,0
2020-02-02 00:36:20.755456,35.0,25.0,30.0,44.0,29.0,41.0,25.0,49.0,34.0,33.0,31.0,33.0,28.0,39.0,28.0,46.0,1,0,0,0
2020-02-02 00:36:27.052721,35.0,25.0,30.0,44.0,29.0,40.0,25.0,49.0,34.0,33.0,31.0,33.0,28.0,39.0,28.0,46.0,1,0,0,0
2020-02-02 00:36:38.417540,35.0,25.0,30.0,44.0,29.0,38.0,25.0,49.0,34.0,33.0,31.0,33.0,28.0,39.0,28.0,46.0,1,0,0,0
2020-02-02 00:36:47.251052,35.0,25.0,30.0,44.0,29.0,40.0,25.0,49.0,34.0,33.0,31.0,33.0,28.0,39.0,28.0,46.0,1,0,0,0
2020-02-02 00:36:56.116054,35.0,25.0,30.0,44.0,29.0,40.0,25.0,49.0,34.0,34.0,31.0,33.0,28.0,39.0,28.0,46.0,1,0,0,0
2020-02-02 00:37:04.998157,35.0,24.0,30.0,44.0,29.0,40.0,25.0,49.0,34.0,34.0,31.0,32.0,28.0,39.0,28.0,46.0,1,0,0,0
2020-02-02 00:37:11.587861,35.0,24.0,30.0,44.0,29.0,40.0,25.0,49.0,34.0,34.0,31.0,32.0,28.0,39.0,28.0,46.0,1,0,0,0
2020-02-02 00:37:17.915288,36.0,25.0,30.0,43.0,29.0,40.0,25.0,49.0,34.0,34.0,31.0,32.0,28.0,39.0,28.0,46.0,1,0,0,0
2020-02-02 00:37:29.281997,36.0,25.0,30.0,44.0,29.0,40.0,26.0,50.0,34.0,34.0,31.0,32.0,28.0,39.0,28.0,46.0,1,0,0,0
2020-02-02 00:37:38.190720,36.0,25.0,30.0,43.0,29.0,40.0,25.0,49.0,34.0,34.0,31.0,32.0,28.0,39.0,28.0,46.0,1,0,0,0
2020-02-02 00:37:44.496934,36.0,24.0,30.0,43.0,29.0,40.0,25.0,49.0,34.0,34.0,31.0,32.0,28.0,39.0,28.0,46.0,1,0,0,0
2020-02-02 00:37:58.444097,36.0,24.0,30.0,43.0,29.0,40.0,26.0,50.0,34.0,34.0,31.0,33.0,28.0,39.0,28.0,46.0,1,0,0,0
2020-02-02 00:38:07.300873,36.0,24.0,30.0,43.0,29.0,37.0,25.0,49.0,34.0,34.0,31.0,33.0,28.0,39.0,28.0,46.0,1,0,0,0
2020-02-02 00:38:13.629326,36.0,24.0,30.0,43.0,29.0,40.0,25.0,49.0,34.0,34.0,31.0,33.0,28.0,39.0,28.0,46.0,1,0,0,0
2020-02-02 00:38:22.459108,36.0,24.0,30.0,43.0,29.0,40.0,26.0,50.0,34.0,33.0,31.0,33.0,28.0,39.0,28.0,46.0,1,0,0,0
2020-02-02 00:38:28.776003,36.0,24.0,30.0,43.0,29.0,40.0,26.0,50.0,35.0,33.0,31.0,33.0,28.0,39.0,28.0,46.0,1,0,0,0
2020-02-02 00:38:37.620079,36.0,24.0,30.0,43.0,29.0,40.0,26.0,50.0,35.0,33.0,31.0,33.0,28.0,39.0,28.0,46.0,1,0,0,0
2020-02-02 00:38:46.445216,36.0,23.0,30.0,43.0,29.0,40.0,25.0,49.0,35.0,33.0,31.0,33.0,28.0,39.0,28.0,46.0,1,0,0,0
2020-02-02 00:38:57.809797,36.0,23.0,30.0,43.0,29.0,40.0,25.0,49.0,35.0,33.0,31.0,33.0,28.0,39.0,29.0,47.0,1,0,0,0
2020-02-02 00:39:04.124967,36.0,23.0,30.0,43.0,29.0,40.0,26.0,50.0,35.0,33.0,31.0,33.0,28.0,39.0,28.0,46.0,1,0,0,0
2020-02-02 00:39:10.437356,36.0,23.0,30.0,43.0,29.0,40.0,26.0,50.0,35.0,33.0,31.0,33.0,28.0,39.0,29.0,47.0,1,0,0,0
2020-02-02 00:39:19.289439,36.0,23.0,30.0,43.0,29.0,40.0,26.0,50.0,35.0,33.0,31.0,33.0,28.0,39.0,29.0,47.0,1,0,0,0
2020-02-02 00:39:25.583914,36.0,23.0,30.0,43.0,29.0,40.0,26.0,50.0,35.0,33.0,31.0,33.0,28.0,39.0,29.0,47.0,1,0,0,0
2020-02-02 00:39:31.905170,36.0,23.0,30.0,43.0,29.0,40.0,26.0,50.0,35.0,33.0,31.0,33.0,28.0,38.0,29.0,47.0,1,0,0,0
2020-02-02 00:39:43.278303,36.0,23.0,30.0,43.0,29.0,40.0,26.0,50.0,35.0,33.0,31.0,32.0,28.0,38.0,29.0,47.0,1,0,0,0
2020-02-02 00:39:52.119778,37.0,23.0,30.0,43.0,29.0,40.0,26.0,50.0,35.0,33.0,32.0,33.0,28.0,39.0,29.0,47.0,1,0,0,0
2020-02-02 00:40:03.492741,37.0,22.0,31.0,44.0,29.0,40.0,26.0,50.0,35.0,33.0,31.0,32.0,28.0,39.0,29.0,47.0,1,0,0,0
2020-02-02 00:40:09.822046,37.0,22.0,30.0,43.0,29.0,40.0,26.0,50.0,35.0,33.0,32.0,32.0,28.0,39.0,29.0,47.0,1,0,0,0
2020-02-02 00:40:16.130309,37.0,22.0,30.0,43.0,29.0,40.0,26.0,50.0,35.0,33.0,32.0,32.0,28.0,38.0,29.0,47.0,1,0,0,0
2020-02-02 00:40:25.238103,37.0,22.0,31.0,43.0,29.0,37.0,26.0,50.0,35.0,33.0,32.0,32.0,28.0,38.0,29.0,47.0,1,0,0,0
2020-02-02 00:40:31.557394,37.0,22.0,30.0,42.0,29.0,39.0,26.0,50.0,35.0,33.0,32.0,32.0,28.0,38.0,29.0,47.0,1,0,0,0
2020-02-02 00:40:37.874459,37.0,22.0,31.0,44.0,29.0,39.0,26.0,50.0,35.0,33.0,32.0,32.0,28.0,38.0,29.0,47.0,1,0,0,0
2020-02-02 00:40:46.716226,37.0,22.0,31.0,43.0,29.0,39.0,26.0,50.0,35.0,32.0,32.0,32.0,28.0,38.0,29.0,47.0,1,0,0,0
2020-02-02 00:40:55.565472,37.0,22.0,31.0,43.0,29.0,39.0,26.0,50.0,35.0,32.0,32.0,32.0,28.0,38.0,29.0,47.0,1,0,0,0
2020-02-02 00:41:04.399303,37.0,22.0,31.0,43.0,29.0,39.0,26.0,50.0,35.0,32.0,32.0,32.0,28.0,38.0,29.0,47.0,1,0,0,0
2020-02-02 00:41:10.717324,37.0,22.0,31.0,43.0,29.0,39.0,26.0,50.0,35.0,32.0,32.0,32.0,28.0,38.0,29.0,47.0,1,0,0,0
2020-02-02 00:41:19.573264,37.0,22.0,31.0,43.0,29.0,39.0,26.0,50.0,35.0,32.0,32.0,32.0,28.0,38.0,29.0,47.0,1,0,0,0
2020-02-02 00:41:25.880038,37.0,22.0,31.0,43.0,29.0,39.0,26.0,50.0,35.0,32.0,32.0,32.0,28.0,38.0,29.0,47.0,1,0,0,0
2020-02-02 00:41:34.722414,37.0,22.0,31.0,43.0,29.0,37.0,26.0,50.0,35.0,32.0,32.0,32.0,28.0,38.0,29.0,47.0,1,0,0,0
2020-02-02 00:41:43.564832,37.0,21.0,31.0,43.0,29.0,39.0,26.0,50.0,35.0,32.0,32.0,32.0,28.0,38.0,29.0,47.0,1,0,0,0
2020-02-02 00:41:49.877436,37.0,21.0,31.0,43.0,29.0,39.0,26.0,50.0,35.0,32.0,32.0,32.0,28.0,38.0,29.0,47.0,1,0,0,0
2020-02-02 00:41:58.706746,37.0,21.0,31.0,43.0,29.0,39.0,26.0,50.0,35.0,32.0,32.0,32.0,29.0,38.0,29.0,47.0,1,0,0,0
2020-02-02 00:42:05.016640,37.0,21.0,31.0,43.0,29.0,39.0,26.0,50.0,35.0,32.0,32.0,31.0,29.0,38.0,29.0,47.0,1,0,0,0
2020-02-02 00:42:11.325547,37.0,21.0,31.0,43.0,30.0,39.0,26.0,50.0,35.0,32.0,32.0,31.0,28.0,37.0,29.0,47.0,1,0,0,0
2020-02-02 00:42:20.207754,37.0,21.0,31.0,43.0,29.0,39.0,26.0,50.0,35.0,32.0,32.0,32.0,29.0,39.0,29.0,47.0,1,0,0,0
2020-02-02 00:42:29.046240,37.0,21.0,31.0,43.0,29.0,39.0,26.0,50.0,35.0,32.0,32.0,31.0,29.0,39.0,29.0,47.0,1,0,0,0
2020-02-02 00:42:40.409282,37.0,21.0,31.0,43.0,29.0,36.0,26.0,50.0,35.0,32.0,32.0,31.0,29.0,39.0,29.0,47.0,1,0,0,0
2020-02-02 00:42:46.720139,37.0,21.0,31.0,43.0,30.0,39.0,26.0,50.0,36.0,33.0,32.0,31.0,29.0,38.0,29.0,47.0,1,0,0,0
2020-02-02 00:42:55.563951,37.0,21.0,31.0,43.0,30.0,36.0,26.0,50.0,35.0,32.0,32.0,31.0,29.0,38.0,29.0,47.0,1,0,0,0
2020-02-02 00:43:09.474893,37.0,21.0,31.0,43.0,30.0,36.0,26.0,50.0,36.0,33.0,32.0,31.0,29.0,39.0,29.0,47.0,1,0,0,0
2020-02-02 00:43:15.797545,37.0,21.0,31.0,43.0,30.0,39.0,26.0,50.0,36.0,33.0,32.0,31.0,29.0,39.0,29.0,47.0,1,0,0,0
2020-02-02 00:43:29.965686,37.0,21.0,31.0,43.0,30.0,39.0,26.0,50.0,36.0,33.0,32.0,31.0,29.0,39.0,29.0,47.0,1,0,0,0
2020-02-02 00:43:43.856270,37.0,21.0,31.0,43.0,30.0,39.0,26.0,50.0,36.0,33.0,32.0,31.0,29.0,38.0,29.0,47.0,1,0,0,0
2020-02-02 00:43:50.161481,37.0,21.0,31.0,43.0,30.0,39.0,26.0,50.0,36.0,33.0,32.0,31.0,29.0,38.0,29.0,47.0,1,0,0,0
2020-02-02 00:43:56.469775,37.0,21.0,31.0,43.0,30.0,39.0,26.0,50.0,36.0,33.0,32.0,31.0,29.0,38.0,29.0,47.0,1,0,0,0
2020-02-02 00:44:07.826319,37.0,21.0,31.0,43.0,30.0,39.0,26.0,50.0,36.0,33.0,32.0,31.0,29.0,38.0,29.0,47.0,1,0,0,0
2020-02-02 00:44:14.141035,37.0,21.0,31.0,43.0,30.0,39.0,26.0,50.0,36.0,33.0,32.0,31.0,29.0,38.0,29.0,46.0,1,0,0,0
2020-02-02 00:44:22.978638,37.0,20.0,31.0,43.0,30.0,36.0,26.0,50.0,36.0,32.0,32.0,31.0,29.0,38.0,29.0,47.0,1,0,0,0
2020-02-02 00:44:31.818179,37.0,20.0,31.0,43.0,30.0,39.0,26.0,50.0,36.0,32.0,32.0,31.0,29.0,38.0,29.0,47.0,1,0,0,0
2020-02-02 00:44:48.240633,38.0,21.0,31.0,43.0,30.0,39.0,26.0,50.0,36.0,32.0,32.0,31.0,29.0,38.0,29.0,47.0,1,0,0,0
2020-02-02 00:44:57.080536,38.0,21.0,31.0,43.0,30.0,39.0,26.0,50.0,36.0,32.0,32.0,31.0,29.0,38.0,29.0,47.0,1,0,0,0
2020-02-02 00:45:03.390619,38.0,21.0,31.0,43.0,30.0,39.0,26.0,50.0,36.0,32.0,32.0,31.0,29.0,38.0,29.0,46.0,1,0,0,0
2020-02-02 00:45:12.236917,37.0,20.0,31.0,42.0,30.0,39.0,26.0,50.0,36.0,32.0,32.0,31.0,29.0,39.0,29.0,46.0,1,0,0,0
2020-02-02 00:45:21.067370,38.0,21.0,31.0,42.0,30.0,39.0,26.0,50.0,36.0,32.0,32.0,31.0,29.0,38.0,29.0,46.0,1,0,0,0
2020-02-02 00:45:29.906704,38.0,21.0,31.0,42.0,30.0,39.0,26.0,50.0,36.0,32.0,32.0,31.0,29.0,38.0,29.0,47.0,1,0,0,0
2020-02-02 00:45:43.801182,38.0,21.0,31.0,42.0,30.0,39.0,26.0,50.0,36.0,32.0,32.0,31.0,29.0,38.0,29.0,47.0,1,0,0,0
2020-02-02 00:45:52.654397,38.0,21.0,31.0,42.0,30.0,39.0,26.0,50.0,36.0,32.0,32.0,31.0,29.0,38.0,29.0,46.0,1,0,0,0
2020-02-02 00:45:58.985401,38.0,21.0,31.0,42.0,30.0,39.0,26.0,50.0,36.0,32.0,32.0,31.0,29.0,38.0,29.0,46.0,1,0,0,0
2020-02-02 00:46:05.296355,38.0,21.0,31.0,42.0,30.0,39.0,26.0,50.0,36.0,32.0,32.0,30.0,29.0,38.0,29.0,47.0,1,0,0,0
2020-02-02 00:46:11.611300,38.0,21.0,31.0,42.0,30.0,39.0,26.0,50.0,36.0,32.0,32.0,31.0,29.0,38.0,29.0,46.0,1,0,0,0
2020-02-02 00:46:17.920947,38.0,21.0,31.0,42.0,30.0,39.0,26.0,50.0,36.0,32.0,32.0,30.0,29.0,38.0,29.0,46.0,1,0,0,0
2020-02-02 00:46:24.240933,38.0,21.0,31.0,42.0,30.0,39.0,26.0,50.0,36.0,32.0,32.0,31.0,29.0,38.0,29.0,46.0,1,0,0,0
2020-02-02 00:46:30.555574,38.0,21.0,31.0,42.0,30.0,39.0,26.0,50.0,36.0,32.0,32.0,30.0,29.0,38.0,29.0,46.0,1,0,0,0
2020-02-02 00:46:41.934087,38.0,21.0,31.0,42.0,30.0,36.0,26.0,50.0,36.0,32.0,32.0,30.0,29.0,38.0,29.0,47.0,1,0,0,0
2020-02-02 00:46:50.776951,38.0,21.0,31.0,42.0,30.0,39.0,26.0,50.0,36.0,32.0,32.0,30.0,29.0,38.0,29.0,46.0,1,0,0,0
2020-02-02 00:46:57.081175,38.0,20.0,31.0,42.0,30.0,39.0,26.0,50.0,36.0,32.0,32.0,30.0,29.0,38.0,29.0,46.0,1,0,0,0
2020-02-02 00:47:03.381513,38.0,20.0,31.0,42.0,30.0,39.0,26.0,50.0,36.0,32.0,32.0,30.0,29.0,38.0,29.0,46.0,1,0,0,0
2020-02-02 00:47:12.226781,38.0,20.0,31.0,42.0,30.0,39.0,26.0,50.0,36.0,32.0,32.0,30.0,29.0,38.0,29.0,46.0,1,0,0,0
2020-02-02 00:47:18.553462,38.0,20.0,31.0,42.0,30.0,39.0,26.0,50.0,36.0,32.0,32.0,30.0,29.0,38.0,29.0,46.0,1,0,0,0
2020-02-02 00:47:27.388893,38.0,20.0,31.0,42.0,30.0,36.0,26.0,50.0,36.0,31.0,32.0,30.0,29.0,38.0,29.0,46.0,1,0,0,0
2020-02-02 00:47:33.703297,38.0,20.0,31.0,42.0,30.0,39.0,26.0,50.0,36.0,32.0,32.0,30.0,29.0,38.0,29.0,46.0,1,0,0,0
2020-02-02 00:47:45.064915,38.0,20.0,31.0,42.0,30.0,36.0,26.0,50.0,36.0,32.0,32.0,30.0,29.0,38.0,29.0,46.0,1,0,0,0
2020-02-02 00:47:53.897964,38.0,20.0,31.0,42.0,30.0,39.0,26.0,50.0,36.0,32.0,32.0,30.0,29.0,38.0,29.0,46.0,1,0,0,0
2020-02-02 00:48:02.732778,38.0,20.0,31.0,42.0,30.0,39.0,26.0,50.0,36.0,32.0,33.0,31.0,29.0,38.0,29.0,46.0,1,0,0,0
2020-02-02 00:48:11.571324,38.0,20.0,31.0,42.0,30.0,39.0,26.0,50.0,36.0,32.0,33.0,31.0,29.0,38.0,29.0,46.0,1,0,0,0
2020-02-02 00:48:17.877745,38.0,20.0,31.0,42.0,30.0,39.0,26.0,50.0,36.0,32.0,33.0,31.0,29.0,38.0,29.0,46.0,1,0,0,0
2020-02-02 00:48:29.237840,38.0,20.0,31.0,42.0,30.0,36.0,26.0,50.0,36.0,32.0,33.0,31.0,29.0,38.0,29.0,46.0,1,0,0,0
2020-02-02 00:48:38.073702,38.0,20.0,31.0,42.0,30.0,39.0,26.0,50.0,36.0,32.0,32.0,30.0,29.0,38.0,29.0,46.0,1,0,0,0
2020-02-02 00:48:46.910747,38.0,20.0,31.0,42.0,30.0,36.0,26.0,50.0,36.0,32.0,33.0,31.0,29.0,38.0,29.0,46.0,1,0,0,0
2020-02-02 00:48:53.220158,38.0,20.0,31.0,42.0,30.0,39.0,26.0,50.0,36.0,32.0,33.0,31.0,29.0,38.0,29.0,46.0,1,0,0,0
2020-02-02 00:48:59.551697,38.0,20.0,31.0,42.0,30.0,39.0,26.0,50.0,36.0,32.0,33.0,31.0,29.0,38.0,29.0,46.0,1,0,0,0
2020-02-02 00:49:08.380486,38.0,20.0,31.0,42.0,30.0,39.0,26.0,50.0,36.0,31.0,33.0,31.0,29.0,37.0,29.0,46.0,1,0,0,0
2020-02-02 00:49:17.244483,38.0,20.0,31.0,42.0,30.0,39.0,26.0,50.0,36.0,32.0,33.0,31.0,29.0,37.0,29.0,46.0,1,0,0,0
2020-02-02 00:49:26.087595,38.0,20.0,31.0,42.0,30.0,39.0,26.0,50.0,36.0,32.0,33.0,31.0,29.0,37.0,29.0,46.0,1,0,0,0
2020-02-02 00:49:42.510474,38.0,21.0,31.0,42.0,30.0,39.0,26.0,50.0,36.0,32.0,33.0,31.0,29.0,38.0,29.0,46.0,1,0,0,0
2020-02-02 00:49:48.833246,38.0,20.0,31.0,42.0,30.0,39.0,26.0,50.0,36.0,32.0,33.0,31.0,29.0,37.0,29.0,46.0,1,0,0,0
2020-02-02 00:49:55.190735,38.0,20.0,31.0,42.0,30.0,39.0,26.0,50.0,36.0,31.0,33.0,31.0,29.0,38.0,29.0,47.0,1,0,0,0
2020-02-02 00:50:04.036781,38.0,20.0,31.0,42.0,30.0,39.0,26.0,50.0,36.0,31.0,33.0,31.0,29.0,38.0,29.0,46.0,1,0,0,0
2020-02-02 00:50:10.355936,38.0,20.0,31.0,42.0,30.0,38.0,26.0,50.0,36.0,31.0,33.0,31.0,29.0,38.0,29.0,46.0,1,0,0,0
2020-02-02 00:50:19.197639,38.0,20.0,31.0,42.0,30.0,38.0,26.0,50.0,36.0,31.0,33.0,31.0,29.0,38.0,29.0,46.0,1,0,0,0
2020-02-02 00:50:28.048230,38.0,20.0,31.0,42.0,30.0,38.0,26.0,50.0,36.0,31.0,33.0,31.0,29.0,38.0,29.0,46.0,1,0,0,0
2020-02-02 00:50:36.874231,38.0,20.0,32.0,42.0,30.0,38.0,26.0,50.0,36.0,31.0,33.0,31.0,29.0,38.0,29.0,46.0,1,0,0,0
2020-02-02 00:50:48.327222,38.0,20.0,31.0,42.0,30.0,38.0,26.0,50.0,36.0,31.0,33.0,30.0,29.0,38.0,29.0,46.0,1,0,0,0
2020-02-02 00:50:57.225568,38.0,20.0,32.0,42.0,30.0,38.0,26.0,50.0,36.0,31.0,33.0,31.0,29.0,37.0,29.0,46.0,1,0,0,0
2020-02-02 00:51:06.161384,38.0,20.0,32.0,42.0,30.0,38.0,26.0,50.0,36.0,31.0,33.0,31.0,29.0,37.0,29.0,46.0,1,0,0,0
2020-02-02 00:51:12.482874,38.0,20.0,32.0,42.0,30.0,38.0,26.0,50.0,37.0,31.0,33.0,30.0,29.0,38.0,29.0,46.0,1,0,0,0
2020-02-02 00:51:18.839805,38.0,20.0,31.0,42.0,30.0,38.0,26.0,50.0,37.0,31.0,33.0,30.0,29.0,37.0,29.0,46.0,1,0,0,0
2020-02-02 00:51:25.178882,38.0,20.0,32.0,42.0,30.0,38.0,26.0,50.0,36.0,31.0,33.0,30.0,29.0,37.0,29.0,46.0,1,0,0,0
2020-02-02 00:51:34.091860,38.0,20.0,32.0,42.0,30.0,35.0,26.0,50.0,36.0,31.0,33.0,30.0,29.0,37.0,29.0,46.0,1,0,0,0
2020-02-02 00:51:43.117887,38.0,20.0,32.0,42.0,30.0,38.0,26.0,50.0,37.0,31.0,33.0,30.0,29.0,37.0,30.0,46.0,1,0,0,0
2020-02-02 00:51:54.492513,38.0,20.0,32.0,41.0,30.0,36.0,26.0,50.0,36.0,31.0,33.0,30.0,29.0,37.0,30.0,46.0,1,0,0,0
2020-02-02 00:52:05.943900,38.0,20.0,32.0,41.0,30.0,38.0,26.0,50.0,37.0,31.0,33.0,30.0,29.0,37.0,29.0,46.0,1,0,0,0
2020-02-02 00:52:17.315333,38.0,20.0,32.0,41.0,30.0,35.0,26.0,50.0,36.0,31.0,33.0,30.0,29.0,37.0,30.0,46.0,1,0,0,0
2020-02-02 00:52:26.232714,38.0,20.0,32.0,41.0,30.0,38.0,26.0,50.0,37.0,31.0,33.0,30.0,29.0,37.0,22.0,46.0,1,0,0,0
2020-02-02 00:52:32.665455,38.0,20.0,32.0,41.0,30.0,38.0,26.0,50.0,37.0,31.0,33.0,30.0,29.0,37.0,30.0,46.0,0,1,0,0
2020-02-02 00:52:39.092483,38.0,20.0,32.0,41.0,30.0,38.0,26.0,50.0,37.0,31.0,33.0,30.0,29.0,37.0,30.0,46.0,0,1,0,0
2020-02-02 00:52:47.950350,38.0,20.0,32.0,41.0,30.0,38.0,26.0,50.0,36.0,31.0,33.0,30.0,29.0,37.0,29.0,46.0,0,1,0,0
2020-02-02 00:52:59.398543,36.0,22.0,32.0,41.0,30.0,36.0,26.0,50.0,36.0,33.0,33.0,30.0,29.0,37.0,29.0,47.0,0,1,0,0
2020-02-02 00:53:05.742612,32.0,26.0,31.0,42.0,30.0,39.0,26.0,50.0,36.0,33.0,32.0,30.0,29.0,37.0,29.0,47.0,0,1,0,0
2020-02-02 00:53:14.573800,30.0,29.0,31.0,42.0,30.0,39.0,26.0,50.0,36.0,33.0,32.0,30.0,29.0,37.0,29.0,47.0,0,1,0,0
2020-02-02 00:53:21.001262,29.0,31.0,31.0,42.0,30.0,39.0,26.0,50.0,36.0,34.0,32.0,30.0,29.0,38.0,29.0,47.0,0,1,0,0
2020-02-02 00:53:27.349018,27.0,33.0,31.0,42.0,30.0,39.0,26.0,50.0,36.0,34.0,32.0,30.0,29.0,38.0,29.0,47.0,0,1,0,0
2020-02-02 00:53:33.689312,26.0,35.0,31.0,42.0,29.0,39.0,26.0,50.0,36.0,34.0,32.0,30.0,28.0,38.0,29.0,47.0,0,1,0,0
2020-02-02 00:53:40.061337,26.0,38.0,31.0,42.0,29.0,39.0,26.0,50.0,35.0,33.0,32.0,31.0,28.0,38.0,29.0,47.0,0,1,0,0
2020-02-02 00:53:48.912346,25.0,39.0,31.0,42.0,29.0,39.0,26.0,50.0,35.0,34.0,32.0,31.0,28.0,38.0,29.0,47.0,0,1,0,0
2020-02-02 00:53:57.754091,24.0,42.0,31.0,42.0,29.0,40.0,26.0,50.0,35.0,34.0,31.0,31.0,28.0,38.0,29.0,48.0,0,1,0,0
2020-02-02 00:54:04.109134,23.0,44.0,30.0,42.0,29.0,40.0,26.0,50.0,35.0,33.0,31.0,32.0,28.0,38.0,29.0,48.0,0,1,0,0
2020-02-02 00:54:10.473143,23.0,46.0,30.0,42.0,29.0,40.0,26.0,50.0,35.0,33.0,31.0,32.0,28.0,38.0,29.0,48.0,0,1,0,0
2020-02-02 00:54:19.307934,23.0,47.0,30.0,42.0,29.0,41.0,26.0,50.0,35.0,33.0,31.0,32.0,28.0,39.0,29.0,48.0,0,1,0,0
2020-02-02 00:54:28.174159,22.0,48.0,30.0,42.0,29.0,41.0,26.0,50.0,34.0,34.0,31.0,32.0,28.0,39.0,28.0,47.0,0,1,0,0
2020-02-02 00:54:37.095978,22.0,49.0,30.0,43.0,29.0,41.0,26.0,50.0,34.0,34.0,31.0,33.0,28.0,39.0,28.0,47.0,0,1,0,0
2020-02-02 00:54:43.433647,22.0,49.0,30.0,43.0,29.0,41.0,26.0,50.0,34.0,34.0,31.0,33.0,28.0,39.0,28.0,47.0,0,1,0,0
2020-02-02 00:54:52.344888,22.0,50.0,30.0,44.0,28.0,38.0,26.0,51.0,34.0,34.0,30.0,31.0,27.0,39.0,28.0,48.0,0,1,0,0
2020-02-02 00:55:03.801907,22.0,50.0,30.0,43.0,28.0,41.0,26.0,51.0,34.0,34.0,30.0,31.0,27.0,39.0,28.0,48.0,0,1,0,0
2020-02-02 00:55:12.650551,22.0,51.0,29.0,44.0,28.0,38.0,26.0,51.0,34.0,35.0,30.0,31.0,27.0,39.0,28.0,48.0,0,1,0,0
2020-02-02 00:55:19.077347,22.0,52.0,29.0,44.0,28.0,41.0,26.0,51.0,34.0,35.0,30.0,31.0,27.0,40.0,28.0,48.0,0,1,0,0
2020-02-02 00:55:27.977506,22.0,52.0,29.0,44.0,28.0,41.0,26.0,51.0,33.0,35.0,30.0,32.0,27.0,40.0,28.0,49.0,0,1,0,0
2020-02-02 00:55:36.827370,22.0,52.0,29.0,45.0,28.0,41.0,26.0,51.0,33.0,36.0,30.0,32.0,27.0,40.0,28.0,49.0,0,1,0,0
2020-02-02 00:55:43.266637,22.0,53.0,29.0,45.0,28.0,41.0,25.0,50.0,33.0,36.0,30.0,32.0,27.0,40.0,28.0,49.0,0,1,0,0
2020-02-02 00:55:54.706982,22.0,53.0,29.0,45.0,28.0,42.0,25.0,50.0,33.0,36.0,29.0,33.0,27.0,40.0,27.0,48.0,0,1,0,0
2020-02-02 00:56:03.600702,21.0,52.0,29.0,45.0,28.0,42.0,25.0,50.0,33.0,36.0,29.0,33.0,27.0,40.0,27.0,48.0,0,1,0,0
2020-02-02 00:56:12.525119,21.0,52.0,29.0,45.0,28.0,42.0,25.0,50.0,33.0,37.0,29.0,33.0,27.0,40.0,27.0,48.0,0,1,0,0
