TIME,OUT_T[*C],OUT_H[%],T6[*C],H6[%],T12[*C],H12[%],T18[*C],H18[%],T19[*C],H19[%],T24[*C],H24[%],T25[*C],H25[%],T26[*C],H26[%],LAMP_STATE,FAN_STATE,AC_STATE,HEATER_STATE,M0,M1,M2,M3,M4,M5,M6,M7,M8,M9,M10,M11,M12,M13,M14H
2020-02-04 16:38:39.678646,22.0,52.0,24.0,51.0,23.0,42.0,23.0,50.0,26.0,42.0,23.0,45.0,23.0,49.0,23.0,48.0,0,0,0,0,0,0,0,0,0,0,0,0,0,0,0,0,0,0,0
2020-02-04 16:38:48.503734,22.0,53.0,25.0,51.0,23.0,45.0,23.0,50.0,26.0,42.0,23.0,46.0,23.0,49.0,23.0,48.0,1,0,0,0,0,0,0,0,0,0,0,0,0,0,0,0,0,0,0
2020-02-04 16:38:59.880437,22.0,52.0,24.0,51.0,24.0,45.0,23.0,50.0,26.0,41.0,24.0,45.0,23.0,48.0,23.0,48.0,1,0,0,0,0,0,0,0,0,0,0,0,0,0,0,0,0,0,0
2020-02-04 16:39:13.772688,23.0,51.0,25.0,51.0,24.0,42.0,23.0,50.0,26.0,41.0,24.0,45.0,23.0,48.0,23.0,48.0,1,0,0,0,0,0,0,0,0,0,0,0,0,0,0,0,0,0,0
2020-02-04 16:39:22.594745,23.0,50.0,25.0,50.0,24.0,44.0,23.0,49.0,26.0,41.0,24.0,44.0,23.0,48.0,23.0,47.0,1,0,0,0,0,0,0,0,0,0,0,0,0,0,0,0,0,0,0
2020-02-04 16:39:28.876413,24.0,50.0,25.0,50.0,24.0,44.0,23.0,49.0,27.0,40.0,24.0,43.0,23.0,47.0,24.0,47.0,1,0,0,0,0,0,0,0,0,0,0,0,0,0,0,0,0,0,0
2020-02-04 16:39:40.263042,24.0,49.0,25.0,50.0,24.0,43.0,23.0,49.0,27.0,40.0,24.0,43.0,23.0,47.0,24.0,47.0,1,0,0,0,0,0,0,0,0,0,0,0,0,0,0,0,0,0,0
2020-02-04 16:39:51.619652,24.0,48.0,25.0,49.0,24.0,41.0,23.0,49.0,27.0,39.0,24.0,43.0,23.0,46.0,24.0,47.0,1,0,0,0,0,0,0,0,0,0,0,0,0,0,0,0,0,0,0
2020-02-04 16:39:57.922089,25.0,46.0,25.0,48.0,24.0,43.0,23.0,49.0,27.0,38.0,24.0,42.0,24.0,46.0,24.0,46.0,1,0,0,0,0,0,0,0,0,0,0,0,0,0,0,0,0,0,0
2020-02-04 16:40:09.301389,25.0,46.0,26.0,49.0,24.0,40.0,23.0,49.0,27.0,38.0,25.0,42.0,24.0,46.0,24.0,46.0,1,0,0,0,0,0,0,0,0,0,0,0,0,0,0,0,0,0,0
2020-02-04 16:40:15.587811,25.0,44.0,26.0,49.0,25.0,42.0,23.0,49.0,28.0,39.0,25.0,41.0,24.0,45.0,24.0,46.0,1,0,0,0,0,0,0,0,0,0,0,0,0,0,0,0,0,0,0
2020-02-04 16:40:21.887769,26.0,44.0,26.0,48.0,25.0,42.0,24.0,49.0,28.0,39.0,25.0,40.0,24.0,45.0,24.0,45.0,1,0,0,0,0,0,0,0,0,0,0,0,0,0,0,0,0,0,0
2020-02-04 16:40:38.298980,26.0,44.0,26.0,48.0,25.0,42.0,24.0,48.0,28.0,38.0,25.0,40.0,24.0,45.0,24.0,45.0,1,0,0,0,0,0,0,0,0,0,0,0,0,0,0,0,0,0,0
2020-02-04 16:40:44.578461,27.0,42.0,26.0,48.0,25.0,41.0,24.0,48.0,28.0,37.0,25.0,40.0,24.0,44.0,24.0,45.0,1,0,0,0,0,0,0,0,0,0,0,0,0,0,0,0,0,0,0
2020-02-04 16:40:53.394506,27.0,42.0,26.0,47.0,25.0,41.0,24.0,48.0,28.0,37.0,26.0,40.0,24.0,44.0,25.0,44.0,1,0,0,0,0,0,0,0,0,0,0,0,0,0,0,0,0,0,0
2020-02-04 16:41:04.801857,27.0,41.0,26.0,47.0,25.0,41.0,24.0,48.0,28.0,37.0,26.0,40.0,24.0,44.0,25.0,44.0,1,0,0,0,0,0,0,0,0,0,0,0,0,0,0,0,0,0,0
2020-02-04 16:41:11.098884,27.0,40.0,27.0,47.0,25.0,41.0,24.0,48.0,29.0,38.0,26.0,39.0,24.0,43.0,25.0,44.0,1,0,0,0,0,0,0,0,0,0,0,0,0,0,0,0,0,0,0
2020-02-04 16:41:19.946398,28.0,40.0,27.0,46.0,25.0,40.0,24.0,48.0,29.0,37.0,26.0,39.0,24.0,43.0,25.0,44.0,1,0,0,0,0,0,0,0,0,0,0,0,0,0,0,0,0,0,0
2020-02-04 16:41:26.245002,28.0,39.0,27.0,46.0,26.0,41.0,24.0,48.0,29.0,37.0,26.0,39.0,25.0,43.0,25.0,44.0,1,0,0,0,0,0,0,0,0,0,0,0,0,0,0,0,0,0,0
2020-02-04 16:41:32.551414,28.0,39.0,27.0,45.0,26.0,41.0,24.0,48.0,29.0,37.0,26.0,39.0,25.0,43.0,25.0,43.0,1,0,0,0,0,0,0,0,0,0,0,0,0,0,0,0,0,0,0
2020-02-04 16:41:46.433515,28.0,38.0,27.0,45.0,26.0,40.0,24.0,48.0,29.0,36.0,26.0,39.0,25.0,42.0,25.0,43.0,1,0,0,0,0,0,0,0,0,0,0,0,0,0,0,0,0,0,0
2020-02-04 16:41:55.259968,29.0,38.0,27.0,45.0,26.0,38.0,24.0,48.0,29.0,36.0,26.0,38.0,25.0,42.0,25.0,43.0,1,0,0,0,0,0,0,0,0,0,0,0,0,0,0,0,0,0,0
2020-02-04 16:42:01.584380,29.0,37.0,27.0,45.0,26.0,40.0,24.0,47.0,30.0,36.0,27.0,38.0,25.0,42.0,25.0,43.0,1,0,0,0,0,0,0,0,0,0,0,0,0,0,0,0,0,0,0
2020-02-04 16:42:10.405031,29.0,37.0,27.0,45.0,26.0,40.0,24.0,48.0,30.0,35.0,27.0,38.0,25.0,42.0,25.0,43.0,1,0,0,0,0,0,0,0,0,0,0,0,0,0,0,0,0,0,0
2020-02-04 16:42:16.714996,29.0,36.0,27.0,44.0,26.0,40.0,24.0,47.0,30.0,35.0,27.0,37.0,25.0,41.0,26.0,43.0,1,0,0,0,0,0,0,0,0,0,0,0,0,0,0,0,0,0,0
2020-02-04 16:42:25.541950,30.0,36.0,27.0,44.0,26.0,40.0,24.0,47.0,30.0,35.0,27.0,37.0,25.0,41.0,26.0,43.0,1,0,0,0,0,0,0,0,0,0,0,0,0,0,0,0,0,0,0
2020-02-04 16:42:34.423406,30.0,35.0,27.0,44.0,26.0,40.0,24.0,47.0,30.0,35.0,27.0,37.0,25.0,41.0,26.0,43.0,1,0,0,0,0,0,0,0,0,0,0,0,0,0,0,0,0,0,0
2020-02-04 16:42:43.256164,30.0,34.0,28.0,45.0,26.0,39.0,24.0,47.0,30.0,35.0,27.0,37.0,25.0,41.0,26.0,43.0,1,0,0,0,0,0,0,0,0,0,0,0,0,0,0,0,0,0,0
2020-02-04 16:42:52.092200,30.0,34.0,28.0,45.0,26.0,39.0,24.0,47.0,30.0,34.0,27.0,36.0,25.0,41.0,26.0,43.0,1,0,0,0,0,0,0,0,0,0,0,0,0,0,0,0,0,0,0
2020-02-04 16:43:00.927268,31.0,34.0,28.0,45.0,26.0,39.0,24.0,47.0,30.0,34.0,27.0,36.0,25.0,41.0,26.0,43.0,1,0,0,0,0,0,0,0,0,0,0,0,0,0,0,0,0,0,0
2020-02-04 16:43:12.285573,31.0,33.0,28.0,45.0,27.0,39.0,24.0,47.0,30.0,34.0,27.0,36.0,26.0,41.0,26.0,43.0,1,0,0,0,0,0,0,0,0,0,0,0,0,0,0,0,0,0,0
2020-02-04 16:43:21.111097,31.0,33.0,28.0,44.0,27.0,39.0,24.0,47.0,31.0,35.0,27.0,36.0,26.0,41.0,26.0,42.0,1,0,0,0,0,0,0,0,0,0,0,0,0,0,0,0,0,0,0
2020-02-04 16:43:29.943127,31.0,32.0,28.0,44.0,27.0,39.0,24.0,47.0,31.0,35.0,28.0,36.0,26.0,41.0,26.0,42.0,1,0,0,0,0,0,0,0,0,0,0,0,0,0,0,0,0,0,0
2020-02-04 16:43:41.295925,31.0,32.0,28.0,44.0,27.0,39.0,24.0,47.0,31.0,34.0,28.0,36.0,26.0,41.0,26.0,42.0,1,0,0,0,0,0,0,0,0,0,0,0,0,0,0,0,0,0,0
2020-02-04 16:43:50.116114,32.0,33.0,28.0,44.0,27.0,39.0,24.0,47.0,31.0,34.0,28.0,36.0,26.0,41.0,26.0,42.0,1,0,0,0,0,0,0,0,0,0,0,0,0,0,0,0,0,0,0
2020-02-04 16:43:56.418848,32.0,33.0,28.0,44.0,27.0,38.0,24.0,47.0,31.0,34.0,28.0,36.0,26.0,41.0,26.0,42.0,1,0,0,0,0,0,0,0,0,0,0,0,0,0,0,0,0,0,0
2020-02-04 16:44:02.717063,32.0,32.0,28.0,44.0,27.0,38.0,24.0,47.0,31.0,34.0,28.0,36.0,26.0,41.0,26.0,42.0,1,0,0,0,0,0,0,0,0,0,0,0,0,0,0,0,0,0,0
2020-02-04 16:44:11.544654,32.0,32.0,28.0,44.0,27.0,38.0,24.0,47.0,31.0,34.0,28.0,35.0,26.0,40.0,26.0,42.0,1,0,0,0,0,0,0,0,0,0,0,0,0,0,0,0,0,0,0
2020-02-04 16:44:17.854600,33.0,32.0,28.0,43.0,27.0,38.0,24.0,47.0,31.0,34.0,28.0,36.0,26.0,40.0,26.0,42.0,1,0,0,0,0,0,0,0,0,0,0,0,0,0,0,0,0,0,0
2020-02-04 16:44:24.166462,33.0,32.0,28.0,43.0,27.0,38.0,24.0,47.0,31.0,33.0,28.0,35.0,26.0,40.0,27.0,42.0,1,0,0,0,0,0,0,0,0,0,0,0,0,0,0,0,0,0,0
2020-02-04 16:44:30.487804,33.0,32.0,28.0,43.0,27.0,38.0,24.0,47.0,31.0,33.0,28.0,35.0,26.0,40.0,27.0,42.0,1,0,0,0,0,0,0,0,0,0,0,0,0,0,0,0,0,0,0
2020-02-04 16:44:39.345616,33.0,32.0,28.0,43.0,27.0,38.0,24.0,47.0,32.0,33.0,28.0,35.0,26.0,40.0,27.0,42.0,1,0,0,0,0,0,0,0,0,0,0,0,0,0,0,0,0,0,0
2020-02-04 16:44:48.166029,33.0,31.0,28.0,43.0,27.0,38.0,25.0,46.0,32.0,33.0,28.0,35.0,26.0,40.0,27.0,41.0,1,0,0,0,0,0,0,0,0,0,0,0,0,0,0,0,0,0,0
2020-02-04 16:44:54.453584,33.0,31.0,28.0,43.0,27.0,38.0,24.0,46.0,32.0,33.0,28.0,34.0,26.0,40.0,27.0,41.0,1,0,0,0,0,0,0,0,0,0,0,0,0,0,0,0,0,0,0
2020-02-04 16:45:03.284988,33.0,30.0,28.0,43.0,27.0,38.0,24.0,46.0,32.0,33.0,28.0,34.0,26.0,40.0,27.0,41.0,1,0,0,0,0,0,0,0,0,0,0,0,0,0,0,0,0,0,0
2020-02-04 16:45:14.639915,33.0,30.0,29.0,44.0,27.0,38.0,24.0,46.0,32.0,33.0,28.0,34.0,26.0,40.0,27.0,41.0,1,0,0,0,0,0,0,0,0,0,0,0,0,0,0,0,0,0,0
2020-02-04 16:45:20.957452,34.0,30.0,29.0,44.0,27.0,38.0,25.0,46.0,32.0,33.0,28.0,34.0,26.0,40.0,27.0,41.0,1,0,0,0,0,0,0,0,0,0,0,0,0,0,0,0,0,0,0
2020-02-04 16:45:27.257562,34.0,29.0,29.0,44.0,27.0,38.0,25.0,46.0,32.0,33.0,29.0,35.0,26.0,39.0,27.0,41.0,1,0,0,0,0,0,0,0,0,0,0,0,0,0,0,0,0,0,0
2020-02-04 16:45:36.100376,34.0,29.0,29.0,43.0,27.0,37.0,25.0,46.0,32.0,32.0,29.0,35.0,26.0,39.0,27.0,41.0,1,0,0,0,0,0,0,0,0,0,0,0,0,0,0,0,0,0,0
2020-02-04 16:45:44.935865,34.0,29.0,29.0,43.0,27.0,37.0,25.0,46.0,32.0,32.0,29.0,35.0,26.0,39.0,27.0,41.0,1,0,0,0,0,0,0,0,0,0,0,0,0,0,0,0,0,0,0
2020-02-04 16:45:53.798992,34.0,28.0,29.0,43.0,27.0,37.0,25.0,46.0,32.0,32.0,29.0,35.0,27.0,39.0,27.0,41.0,1,0,0,0,0,0,0,0,0,0,0,0,0,0,0,0,0,0,0
2020-02-04 16:46:02.688185,34.0,28.0,29.0,43.0,27.0,37.0,25.0,46.0,32.0,32.0,29.0,35.0,27.0,39.0,27.0,41.0,1,0,0,0,0,0,0,0,0,0,0,0,0,0,0,0,0,0,0
2020-02-04 16:46:14.046379,34.0,28.0,29.0,43.0,28.0,38.0,25.0,46.0,32.0,32.0,29.0,35.0,27.0,39.0,27.0,41.0,1,0,0,0,0,0,0,0,0,0,0,0,0,0,0,0,0,0,0
2020-02-04 16:46:20.351870,34.0,27.0,29.0,43.0,28.0,38.0,25.0,46.0,32.0,32.0,29.0,34.0,27.0,39.0,27.0,41.0,1,0,0,0,0,0,0,0,0,0,0,0,0,0,0,0,0,0,0
2020-02-04 16:46:31.728267,34.0,27.0,29.0,43.0,28.0,38.0,25.0,47.0,33.0,33.0,29.0,34.0,27.0,39.0,27.0,41.0,1,0,0,0,0,0,0,0,0,0,0,0,0,0,0,0,0,0,0
2020-02-04 16:46:40.564046,35.0,27.0,29.0,43.0,28.0,38.0,25.0,46.0,33.0,33.0,29.0,34.0,27.0,39.0,27.0,41.0,1,0,0,0,0,0,0,0,0,0,0,0,0,0,0,0,0,0,0
2020-02-04 16:46:49.395048,35.0,26.0,29.0,43.0,28.0,38.0,25.0,46.0,33.0,34.0,29.0,34.0,27.0,39.0,27.0,41.0,1,0,0,0,0,0,0,0,0,0,0,0,0,0,0,0,0,0,0
2020-02-04 16:46:55.676189,35.0,26.0,29.0,43.0,28.0,38.0,25.0,46.0,33.0,34.0,29.0,34.0,27.0,39.0,27.0,41.0,1,0,0,0,0,0,0,0,0,0,0,0,0,0,0,0,0,0,0
2020-02-04 16:47:07.043293,35.0,26.0,29.0,43.0,28.0,38.0,25.0,46.0,33.0,34.0,29.0,34.0,27.0,38.0,27.0,40.0,1,0,0,0,0,0,0,0,0,0,0,0,0,0,0,0,0,0,0
2020-02-04 16:47:15.872754,35.0,26.0,29.0,42.0,28.0,38.0,25.0,46.0,33.0,34.0,29.0,34.0,27.0,39.0,27.0,40.0,1,0,0,0,0,0,0,0,0,0,0,0,0,0,0,0,0,0,0
2020-02-04 16:47:22.220865,35.0,26.0,29.0,43.0,28.0,38.0,25.0,46.0,33.0,34.0,29.0,33.0,27.0,38.0,27.0,41.0,1,0,0,0,0,0,0,0,0,0,0,0,0,0,0,0,0,0,0
2020-02-04 16:47:36.117360,35.0,25.0,29.0,42.0,28.0,35.0,25.0,46.0,33.0,34.0,29.0,33.0,27.0,39.0,27.0,41.0,1,0,0,0,0,0,0,0,0,0,0,0,0,0,0,0,0,0,0
2020-02-04 16:47:52.521713,35.0,25.0,29.0,43.0,28.0,35.0,25.0,46.0,33.0,34.0,30.0,33.0,27.0,38.0,27.0,40.0,1,0,0,0,0,0,0,0,0,0,0,0,0,0,0,0,0,0,0
2020-02-04 16:48:11.456488,35.0,25.0,29.0,42.0,28.0,35.0,25.0,46.0,33.0,34.0,30.0,33.0,27.0,38.0,27.0,40.0,1,0,0,0,0,0,0,0,0,0,0,0,0,0,0,0,0,0,0
2020-02-04 16:48:17.771024,36.0,25.0,29.0,42.0,28.0,37.0,25.0,46.0,33.0,34.0,30.0,33.0,27.0,38.0,28.0,41.0,1,0,0,0,0,0,0,0,0,0,0,0,0,0,0,0,0,0,0
2020-02-04 16:48:26.600497,36.0,25.0,29.0,42.0,28.0,37.0,25.0,46.0,33.0,34.0,30.0,33.0,27.0,38.0,28.0,41.0,1,0,0,0,0,0,0,0,0,0,0,0,0,0,0,0,0,0,0
2020-02-04 16:48:32.896833,36.0,25.0,29.0,42.0,28.0,37.0,25.0,46.0,33.0,34.0,30.0,33.0,27.0,38.0,28.0,41.0,1,0,0,0,0,0,0,0,0,0,0,0,0,0,0,0,0,0,0
2020-02-04 16:48:39.198272,36.0,25.0,29.0,42.0,28.0,37.0,25.0,46.0,33.0,33.0,30.0,33.0,27.0,38.0,28.0,41.0,1,0,0,0,0,0,0,0,0,0,0,0,0,0,0,0,0,0,0
2020-02-04 16:48:48.038637,36.0,25.0,29.0,42.0,28.0,37.0,25.0,46.0,33.0,33.0,30.0,33.0,27.0,38.0,28.0,41.0,1,0,0,0,0,0,0,0,0,0,0,0,0,0,0,0,0,0,0
2020-02-04 16:48:54.335754,36.0,25.0,30.0,42.0,28.0,37.0,25.0,46.0,33.0,33.0,30.0,33.0,27.0,38.0,28.0,41.0,1,0,0,0,0,0,0,0,0,0,0,0,0,0,0,0,0,0,0
2020-02-04 16:49:00.636062,36.0,25.0,29.0,42.0,28.0,37.0,25.0,46.0,34.0,33.0,30.0,32.0,27.0,38.0,28.0,41.0,1,0,0,0,0,0,0,0,0,0,0,0,0,0,0,0,0,0,0
2020-02-04 16:49:14.765890,36.0,24.0,30.0,42.0,28.0,37.0,25.0,46.0,34.0,33.0,30.0,32.0,27.0,38.0,28.0,41.0,1,0,0,0,0,0,0,0,0,0,0,0,0,0,0,0,0,0,0
2020-02-04 16:49:21.083119,36.0,24.0,30.0,42.0,28.0,37.0,25.0,46.0,34.0,33.0,30.0,32.0,27.0,38.0,28.0,41.0,1,0,0,0,0,0,0,0,0,0,0,0,0,0,0,0,0,0,0
2020-02-04 16:49:29.907398,36.0,24.0,30.0,42.0,28.0,34.0,25.0,46.0,34.0,33.0,30.0,32.0,27.0,38.0,28.0,41.0,1,0,0,0,0,0,0,0,0,0,0,0,0,0,0,0,0,0,0
2020-02-04 16:49:36.231421,36.0,24.0,30.0,42.0,28.0,37.0,25.0,46.0,34.0,33.0,30.0,32.0,27.0,38.0,28.0,41.0,1,0,0,0,0,0,0,0,0,0,0,0,0,0,0,0,0,0,0
2020-02-04 16:49:42.526956,36.0,24.0,30.0,42.0,28.0,37.0,25.0,46.0,34.0,33.0,30.0,32.0,27.0,38.0,28.0,41.0,1,0,0,0,0,0,0,0,0,0,0,0,0,0,0,0,0,0,0
2020-02-04 16:49:48.824162,36.0,24.0,30.0,42.0,28.0,37.0,25.0,46.0,34.0,33.0,30.0,32.0,27.0,38.0,28.0,41.0,1,0,0,0,0,0,0,0,0,0,0,0,0,0,0,0,0,0,0
2020-02-04 16:49:57.646705,36.0,24.0,30.0,42.0,28.0,37.0,25.0,46.0,34.0,33.0,30.0,32.0,27.0,38.0,28.0,41.0,1,0,0,0,0,0,0,0,0,0,0,0,0,0,0,0,0,0,0
2020-02-04 16:50:03.935623,36.0,24.0,30.0,42.0,28.0,37.0,25.0,46.0,34.0,33.0,30.0,32.0,27.0,38.0,28.0,41.0,1,0,0,0,0,0,0,0,0,0,0,0,0,0,0,0,0,0,0
2020-02-04 16:50:15.284486,36.0,24.0,30.0,42.0,29.0,35.0,25.0,46.0,34.0,33.0,30.0,32.0,27.0,37.0,28.0,41.0,1,0,0,0,0,0,0,0,0,0,0,0,0,0,0,0,0,0,0
2020-02-04 16:50:24.112775,36.0,23.0,30.0,42.0,29.0,38.0,25.0,46.0,34.0,32.0,30.0,32.0,28.0,38.0,28.0,41.0,1,0,0,0,0,0,0,0,0,0,0,0,0,0,0,0,0,0,0
2020-02-04 16:50:30.426595,36.0,23.0,30.0,42.0,29.0,38.0,25.0,46.0,34.0,32.0,30.0,32.0,28.0,38.0,28.0,41.0,1,0,0,0,0,0,0,0,0,0,0,0,0,0,0,0,0,0,0
2020-02-04 16:50:36.723572,36.0,23.0,30.0,42.0,29.0,38.0,25.0,46.0,34.0,32.0,30.0,32.0,28.0,38.0,28.0,41.0,1,0,0,0,0,0,0,0,0,0,0,0,0,0,0,0,0,0,0
2020-02-04 16:50:45.544627,36.0,23.0,30.0,41.0,29.0,38.0,25.0,46.0,34.0,32.0,30.0,31.0,28.0,38.0,28.0,41.0,1,0,0,0,0,0,0,0,0,0,0,0,0,0,0,0,0,0,0
2020-02-04 16:50:51.839486,37.0,23.0,30.0,41.0,29.0,38.0,25.0,46.0,34.0,33.0,31.0,32.0,27.0,37.0,28.0,41.0,1,0,0,0,0,0,0,0,0,0,0,0,0,0,0,0,0,0,0
2020-02-04 16:50:58.123499,37.0,23.0,30.0,41.0,29.0,38.0,25.0,46.0,34.0,32.0,31.0,32.0,28.0,38.0,28.0,41.0,1,0,0,0,0,0,0,0,0,0,0,0,0,0,0,0,0,0,0
2020-02-04 16:51:06.935559,37.0,23.0,30.0,41.0,29.0,38.0,25.0,46.0,34.0,32.0,31.0,32.0,28.0,38.0,28.0,41.0,1,0,0,0,0,0,0,0,0,0,0,0,0,0,0,0,0,0,0
2020-02-04 16:51:15.743726,37.0,23.0,30.0,41.0,29.0,38.0,25.0,46.0,34.0,32.0,31.0,32.0,28.0,38.0,28.0,41.0,1,0,0,0,0,0,0,0,0,0,0,0,0,0,0,0,0,0,0
2020-02-04 16:51:22.039348,37.0,23.0,30.0,41.0,29.0,38.0,25.0,46.0,34.0,32.0,31.0,32.0,28.0,38.0,28.0,41.0,1,0,0,0,0,0,0,0,0,0,0,0,0,0,0,0,0,0,0
2020-02-04 16:51:30.879904,37.0,23.0,30.0,41.0,29.0,38.0,25.0,46.0,34.0,32.0,31.0,32.0,28.0,38.0,28.0,41.0,1,0,0,0,0,0,0,0,0,0,0,0,0,0,0,0,0,0,0
2020-02-04 16:51:39.696654,37.0,23.0,30.0,41.0,29.0,38.0,25.0,46.0,34.0,32.0,31.0,32.0,28.0,38.0,28.0,41.0,1,0,0,0,0,0,0,0,0,0,0,0,0,0,0,0,0,0,0
2020-02-04 16:51:48.527312,37.0,22.0,30.0,41.0,29.0,38.0,25.0,46.0,34.0,31.0,31.0,32.0,28.0,38.0,28.0,41.0,1,0,0,0,0,0,0,0,0,0,0,0,0,0,0,0,0,0,0
2020-02-04 16:51:54.818920,37.0,22.0,30.0,41.0,29.0,38.0,25.0,46.0,34.0,31.0,31.0,33.0,28.0,38.0,28.0,41.0,1,0,0,0,0,0,0,0,0,0,0,0,0,0,0,0,0,0,0
2020-02-04 16:52:01.117326,37.0,22.0,30.0,41.0,29.0,37.0,25.0,46.0,34.0,32.0,31.0,32.0,28.0,38.0,28.0,41.0,1,0,0,0,0,0,0,0,0,0,0,0,0,0,0,0,0,0,0
2020-02-04 16:52:09.944233,37.0,22.0,30.0,41.0,29.0,35.0,25.0,46.0,34.0,32.0,31.0,33.0,28.0,38.0,28.0,41.0,1,0,0,0,0,0,0,0,0,0,0,0,0,0,0,0,0,0,0
2020-02-04 16:52:23.820128,37.0,22.0,30.0,41.0,29.0,37.0,26.0,47.0,34.0,32.0,31.0,33.0,28.0,38.0,28.0,41.0,1,0,0,0,0,0,0,0,0,0,0,0,0,0,0,0,0,0,0
2020-02-04 16:52:30.121324,37.0,22.0,30.0,41.0,29.0,37.0,25.0,46.0,34.0,32.0,31.0,33.0,28.0,38.0,28.0,41.0,1,0,0,0,0,0,0,0,0,0,0,0,0,0,0,0,0,0,0
2020-02-04 16:52:36.408462,37.0,22.0,30.0,41.0,29.0,37.0,26.0,47.0,34.0,32.0,31.0,33.0,28.0,38.0,28.0,41.0,1,0,0,0,0,0,0,0,0,0,0,0,0,0,0,0,0,0,0
2020-02-04 16:52:45.245928,37.0,22.0,30.0,41.0,29.0,37.0,26.0,47.0,34.0,32.0,31.0,33.0,28.0,38.0,28.0,41.0,1,0,0,0,0,0,0,0,0,0,0,0,0,0,0,0,0,0,0
2020-02-04 16:52:54.084660,37.0,22.0,30.0,41.0,29.0,37.0,26.0,47.0,34.0,31.0,31.0,33.0,28.0,38.0,28.0,41.0,1,0,0,0,0,0,0,0,0,0,0,0,0,0,0,0,0,0,0
2020-02-04 16:53:02.914821,37.0,22.0,30.0,41.0,29.0,35.0,26.0,47.0,34.0,31.0,31.0,33.0,28.0,38.0,28.0,41.0,1,0,0,0,0,0,0,0,0,0,0,0,0,0,0,0,0,0,0
2020-02-04 16:53:09.212026,37.0,21.0,30.0,41.0,29.0,37.0,26.0,47.0,35.0,31.0,31.0,33.0,28.0,38.0,28.0,41.0,1,0,0,0,0,0,0,0,0,0,0,0,0,0,0,0,0,0,0
2020-02-04 16:53:20.562379,37.0,21.0,30.0,41.0,29.0,34.0,26.0,47.0,35.0,31.0,31.0,33.0,28.0,38.0,28.0,41.0,1,0,0,0,0,0,0,0,0,0,0,0,0,0,0,0,0,0,0
2020-02-04 16:53:29.379584,37.0,21.0,30.0,41.0,29.0,37.0,26.0,47.0,35.0,31.0,31.0,33.0,28.0,38.0,28.0,41.0,1,0,0,0,0,0,0,0,0,0,0,0,0,0,0,0,0,0,0
2020-02-04 16:53:38.204463,37.0,21.0,30.0,41.0,29.0,37.0,26.0,47.0,35.0,32.0,31.0,32.0,28.0,38.0,28.0,41.0,1,0,0,0,0,0,0,0,0,0,0,0,0,0,0,0,0,0,0
2020-02-04 16:53:47.033965,37.0,21.0,30.0,41.0,29.0,37.0,26.0,47.0,35.0,32.0,31.0,32.0,28.0,38.0,29.0,42.0,1,0,0,0,0,0,0,0,0,0,0,0,0,0,0,0,0,0,0
2020-02-04 16:53:55.859821,37.0,21.0,30.0,40.0,29.0,37.0,26.0,47.0,35.0,31.0,31.0,33.0,28.0,38.0,28.0,41.0,1,0,0,0,0,0,0,0,0,0,0,0,0,0,0,0,0,0,0
2020-02-04 16:54:07.207395,37.0,21.0,31.0,41.0,29.0,37.0,26.0,47.0,35.0,31.0,31.0,32.0,28.0,38.0,29.0,42.0,1,0,0,0,0,0,0,0,0,0,0,0,0,0,0,0,0,0,0
2020-02-04 16:54:13.498859,37.0,21.0,31.0,41.0,29.0,37.0,26.0,47.0,35.0,31.0,31.0,32.0,28.0,38.0,29.0,42.0,1,0,0,0,0,0,0,0,0,0,0,0,0,0,0,0,0,0,0
2020-02-04 16:54:19.800433,37.0,21.0,31.0,41.0,29.0,37.0,26.0,47.0,35.0,31.0,31.0,32.0,28.0,38.0,29.0,42.0,1,0,0,0,0,0,0,0,0,0,0,0,0,0,0,0,0,0,0
2020-02-04 16:54:26.093357,37.0,21.0,30.0,40.0,29.0,37.0,26.0,47.0,35.0,31.0,31.0,32.0,28.0,38.0,29.0,42.0,1,0,0,0,0,0,0,0,0,0,0,0,0,0,0,0,0,0,0
2020-02-04 16:54:37.426523,37.0,21.0,31.0,41.0,29.0,34.0,26.0,47.0,35.0,31.0,31.0,32.0,28.0,38.0,29.0,42.0,1,0,0,0,0,0,0,0,0,0,0,0,0,0,0,0,0,0,0
2020-02-04 16:54:43.723565,37.0,21.0,31.0,41.0,29.0,37.0,26.0,47.0,35.0,31.0,31.0,32.0,28.0,38.0,29.0,42.0,1,0,0,0,0,0,0,0,0,0,0,0,0,0,0,0,0,0,0
2020-02-04 16:54:55.129206,37.0,21.0,31.0,41.0,29.0,34.0,26.0,47.0,35.0,31.0,32.0,32.0,28.0,38.0,29.0,42.0,1,0,0,0,0,0,0,0,0,0,0,0,0,0,0,0,0,0,0
2020-02-04 16:55:03.934970,38.0,22.0,31.0,41.0,29.0,37.0,26.0,47.0,35.0,31.0,31.0,32.0,28.0,38.0,29.0,42.0,1,0,0,0,0,0,0,0,0,0,0,0,0,0,0,0,0,0,0
2020-02-04 16:55:10.219516,37.0,21.0,31.0,41.0,29.0,37.0,26.0,47.0,35.0,31.0,32.0,32.0,28.0,38.0,29.0,42.0,1,0,0,0,0,0,0,0,0,0,0,0,0,0,0,0,0,0,0
2020-02-04 16:55:16.517890,38.0,22.0,31.0,41.0,29.0,37.0,26.0,47.0,35.0,31.0,32.0,32.0,28.0,37.0,29.0,42.0,1,0,0,0,0,0,0,0,0,0,0,0,0,0,0,0,0,0,0
2020-02-04 16:55:27.948536,38.0,22.0,31.0,41.0,29.0,37.0,26.0,47.0,35.0,31.0,32.0,32.0,28.0,37.0,29.0,42.0,1,0,0,0,0,0,0,0,0,0,0,0,0,0,0,0,0,0,0
2020-02-04 16:55:36.772449,38.0,22.0,31.0,41.0,29.0,37.0,26.0,47.0,35.0,31.0,32.0,32.0,28.0,37.0,29.0,42.0,1,0,0,0,0,0,0,0,0,0,0,0,0,0,0,0,0,0,0
2020-02-04 16:55:50.659178,38.0,21.0,31.0,41.0,29.0,37.0,26.0,47.0,35.0,31.0,32.0,32.0,28.0,37.0,29.0,42.0,1,0,0,0,0,0,0,0,0,0,0,0,0,0,0,0,0,0,0
2020-02-04 16:56:07.072403,38.0,22.0,31.0,41.0,29.0,37.0,26.0,47.0,35.0,31.0,32.0,32.0,28.0,37.0,29.0,42.0,1,0,0,0,0,0,0,0,0,0,0,0,0,0,0,0,0,0,0
2020-02-04 16:56:15.894103,38.0,21.0,31.0,41.0,29.0,37.0,26.0,47.0,35.0,31.0,32.0,32.0,28.0,37.0,29.0,42.0,1,0,0,0,0,0,0,0,0,0,0,0,0,0,0,0,0,0,0
2020-02-04 16:56:24.733301,38.0,21.0,31.0,41.0,29.0,37.0,26.0,47.0,35.0,31.0,32.0,31.0,28.0,37.0,29.0,42.0,1,0,0,0,0,0,0,0,0,0,0,0,0,0,0,0,0,0,0
2020-02-04 16:56:33.574416,38.0,21.0,31.0,41.0,29.0,37.0,26.0,47.0,35.0,31.0,32.0,32.0,28.0,37.0,29.0,42.0,1,0,0,0,0,0,0,0,0,0,0,0,0,0,0,0,0,0,0
2020-02-04 16:56:39.864003,38.0,21.0,31.0,41.0,29.0,37.0,26.0,47.0,35.0,31.0,32.0,31.0,28.0,37.0,29.0,42.0,1,0,0,0,0,0,0,0,0,0,0,0,0,0,0,0,0,0,0
2020-02-04 16:56:46.166608,38.0,21.0,31.0,41.0,29.0,37.0,26.0,47.0,35.0,30.0,32.0,31.0,28.0,37.0,29.0,42.0,1,0,0,0,0,0,0,0,0,0,0,0,0,0,0,0,0,0,0
2020-02-04 16:56:52.455358,38.0,21.0,31.0,41.0,29.0,37.0,26.0,47.0,35.0,30.0,32.0,31.0,28.0,37.0,29.0,42.0,1,0,0,0,0,0,0,0,0,0,0,0,0,0,0,0,0,0,0
2020-02-04 16:57:03.819564,38.0,21.0,31.0,41.0,30.0,37.0,26.0,47.0,35.0,30.0,32.0,31.0,28.0,37.0,29.0,42.0,1,0,0,0,0,0,0,0,0,0,0,0,0,0,0,0,0,0,0
2020-02-04 16:57:17.709397,38.0,21.0,31.0,41.0,29.0,36.0,26.0,47.0,36.0,31.0,32.0,31.0,28.0,37.0,29.0,42.0,1,0,0,0,0,0,0,0,0,0,0,0,0,0,0,0,0,0,0
2020-02-04 16:57:23.999876,38.0,21.0,31.0,41.0,29.0,37.0,26.0,47.0,36.0,31.0,32.0,32.0,28.0,37.0,29.0,42.0,1,0,0,0,0,0,0,0,0,0,0,0,0,0,0,0,0,0,0
2020-02-04 16:57:30.292261,38.0,21.0,31.0,41.0,30.0,37.0,26.0,47.0,35.0,30.0,32.0,32.0,28.0,37.0,29.0,42.0,1,0,0,0,0,0,0,0,0,0,0,0,0,0,0,0,0,0,0
2020-02-04 16:57:41.947753,38.0,21.0,31.0,41.0,30.0,37.0,26.0,47.0,36.0,31.0,32.0,31.0,28.0,37.0,29.0,42.0,1,0,0,0,0,0,0,0,0,0,0,0,0,0,0,0,0,0,0
2020-02-04 16:57:48.264114,38.0,21.0,31.0,41.0,29.0,37.0,26.0,47.0,36.0,31.0,32.0,31.0,28.0,37.0,29.0,42.0,1,0,0,0,0,0,0,0,0,0,0,0,0,0,0,0,0,0,0
2020-02-04 16:57:59.604812,38.0,21.0,31.0,41.0,30.0,34.0,26.0,47.0,36.0,32.0,32.0,31.0,28.0,37.0,29.0,42.0,1,0,0,0,0,0,0,0,0,0,0,0,0,0,0,0,0,0,0
2020-02-04 16:58:05.896646,38.0,21.0,31.0,41.0,30.0,37.0,26.0,47.0,36.0,32.0,32.0,31.0,28.0,37.0,29.0,42.0,1,0,0,0,0,0,0,0,0,0,0,0,0,0,0,0,0,0,0
2020-02-04 16:58:14.722977,38.0,21.0,31.0,41.0,30.0,36.0,26.0,47.0,36.0,31.0,32.0,31.0,28.0,37.0,29.0,42.0,1,0,0,0,0,0,0,0,0,0,0,0,0,0,0,0,0,0,0
2020-02-04 16:58:21.048591,38.0,21.0,31.0,41.0,30.0,36.0,26.0,47.0,36.0,31.0,32.0,31.0,28.0,37.0,29.0,42.0,1,0,0,0,0,0,0,0,0,0,0,0,0,0,0,0,0,0,0
2020-02-04 16:58:32.409191,38.0,21.0,31.0,40.0,30.0,36.0,26.0,47.0,36.0,31.0,32.0,30.0,29.0,38.0,29.0,42.0,1,0,0,0,0,0,0,0,0,0,0,0,0,0,0,0,0,0,0
2020-02-04 16:58:41.226096,38.0,21.0,31.0,41.0,30.0,37.0,26.0,47.0,36.0,31.0,32.0,30.0,29.0,38.0,29.0,42.0,1,0,0,0,0,0,0,0,0,0,0,0,0,0,0,0,0,0,0
2020-02-04 16:58:47.593871,38.0,21.0,31.0,40.0,30.0,36.0,26.0,47.0,36.0,31.0,32.0,30.0,29.0,38.0,29.0,42.0,1,0,0,0,0,0,0,0,0,0,0,0,0,0,0,0,0,0,0
2020-02-04 16:58:56.406653,38.0,21.0,31.0,40.0,30.0,36.0,26.0,47.0,36.0,31.0,32.0,30.0,29.0,38.0,29.0,42.0,1,0,0,0,0,0,0,0,0,0,0,0,0,0,0,0,0,0,0
2020-02-04 16:59:05.258150,38.0,21.0,31.0,40.0,30.0,37.0,26.0,47.0,36.0,31.0,32.0,31.0,29.0,38.0,29.0,42.0,1,0,0,0,0,0,0,0,0,0,0,0,0,0,0,0,0,0,0
2020-02-04 16:59:14.102636,38.0,21.0,31.0,40.0,30.0,36.0,26.0,47.0,36.0,31.0,32.0,31.0,29.0,38.0,29.0,42.0,1,0,0,0,0,0,0,0,0,0,0,0,0,0,0,0,0,0,0
2020-02-04 16:59:25.527599,38.0,21.0,31.0,40.0,30.0,37.0,26.0,47.0,36.0,31.0,32.0,31.0,29.0,38.0,29.0,42.0,1,0,0,0,0,0,0,0,0,0,0,0,0,0,0,0,0,0,0
2020-02-04 16:59:34.425129,38.0,21.0,31.0,40.0,30.0,36.0,26.0,47.0,36.0,31.0,32.0,31.0,29.0,38.0,29.0,42.0,1,0,0,0,0,0,0,0,0,0,0,0,0,0,0,0,0,0,0
2020-02-04 16:59:40.721122,38.0,21.0,31.0,40.0,30.0,36.0,26.0,47.0,36.0,31.0,32.0,31.0,29.0,38.0,29.0,42.0,1,0,0,0,0,0,0,0,0,0,0,0,0,0,0,0,0,0,0
2020-02-04 16:59:49.549043,38.0,21.0,31.0,40.0,30.0,36.0,26.0,47.0,36.0,31.0,32.0,31.0,29.0,37.0,29.0,42.0,1,0,0,0,0,0,0,0,0,0,0,0,0,0,0,0,0,0,0
2020-02-04 16:59:55.857471,38.0,21.0,31.0,40.0,30.0,36.0,26.0,47.0,36.0,31.0,32.0,31.0,29.0,37.0,29.0,42.0,1,0,0,0,0,0,0,0,0,0,0,0,0,0,0,0,0,0,0
2020-02-04 17:00:02.208218,38.0,21.0,31.0,40.0,30.0,36.0,26.0,47.0,36.0,30.0,32.0,30.0,29.0,37.0,29.0,42.0,1,0,0,0,0,0,0,0,0,0,0,0,0,0,0,0,0,0,0
2020-02-04 17:00:16.100989,38.0,21.0,31.0,40.0,30.0,36.0,26.0,47.0,36.0,30.0,32.0,30.0,29.0,38.0,29.0,42.0,1,0,0,0,0,0,0,0,0,0,0,0,0,0,0,0,0,0,0
2020-02-04 17:00:22.395543,38.0,21.0,31.0,40.0,30.0,36.0,26.0,47.0,36.0,30.0,32.0,30.0,29.0,38.0,29.0,42.0,1,0,0,0,0,0,0,0,0,0,0,0,0,0,0,0,0,0,0
2020-02-04 17:00:31.223540,38.0,21.0,31.0,40.0,30.0,36.0,26.0,47.0,36.0,31.0,32.0,30.0,29.0,38.0,29.0,42.0,1,0,0,0,0,0,0,0,0,0,0,0,0,0,0,0,0,0,0
2020-02-04 17:00:40.044556,38.0,21.0,31.0,40.0,30.0,33.0,26.0,47.0,36.0,31.0,32.0,30.0,29.0,38.0,29.0,42.0,1,0,0,0,0,0,0,0,0,0,0,0,0,0,0,0,0,0,0
2020-02-04 17:00:46.332898,38.0,21.0,31.0,40.0,30.0,36.0,26.0,47.0,36.0,31.0,32.0,30.0,29.0,38.0,29.0,42.0,1,0,0,0,0,0,0,0,0,0,0,0,0,0,0,0,0,0,0
2020-02-04 17:00:52.624391,38.0,21.0,31.0,40.0,30.0,36.0,26.0,47.0,36.0,31.0,32.0,30.0,29.0,38.0,29.0,42.0,1,0,0,0,0,0,0,0,0,0,0,0,0,0,0,0,0,0,0
2020-02-04 17:01:06.492922,38.0,21.0,31.0,40.0,30.0,36.0,26.0,47.0,36.0,31.0,32.0,30.0,29.0,38.0,29.0,42.0,1,0,0,0,0,0,0,0,0,0,0,0,0,0,0,0,0,0,0
2020-02-04 17:01:15.318846,38.0,21.0,31.0,40.0,30.0,36.0,26.0,47.0,36.0,30.0,32.0,30.0,29.0,38.0,29.0,42.0,1,0,0,0,0,0,0,0,0,0,0,0,0,0,0,0,0,0,0
2020-02-04 17:01:26.667172,38.0,21.0,31.0,40.0,30.0,36.0,26.0,47.0,36.0,30.0,32.0,30.0,29.0,38.0,29.0,42.0,1,0,0,0,0,0,0,0,0,0,0,0,0,0,0,0,0,0,0
2020-02-04 17:01:35.497879,38.0,21.0,31.0,40.0,30.0,36.0,26.0,47.0,36.0,30.0,32.0,30.0,29.0,37.0,29.0,42.0,1,0,0,0,0,0,0,0,0,0,0,0,0,0,0,0,0,0,0
2020-02-04 17:01:44.327302,38.0,21.0,31.0,40.0,30.0,36.0,26.0,47.0,36.0,30.0,32.0,30.0,29.0,37.0,29.0,42.0,1,0,0,0,0,0,0,0,0,0,0,0,0,0,0,0,0,0,0
2020-02-04 17:01:53.142990,38.0,21.0,31.0,40.0,30.0,36.0,26.0,46.0,36.0,30.0,32.0,30.0,29.0,37.0,29.0,42.0,1,0,0,0,0,0,0,0,0,0,0,0,0,0,0,0,0,0,0
2020-02-04 17:02:01.966478,38.0,21.0,31.0,40.0,30.0,36.0,26.0,47.0,36.0,30.0,32.0,30.0,29.0,37.0,29.0,42.0,1,0,0,0,0,0,0,0,0,0,0,0,0,0,0,0,0,0,0
2020-02-04 17:02:08.255961,38.0,21.0,31.0,40.0,30.0,36.0,26.0,47.0,36.0,30.0,33.0,31.0,29.0,37.0,29.0,42.0,1,0,0,0,0,0,0,0,0,0,0,0,0,0,0,0,0,0,0
2020-02-04 17:02:14.548262,38.0,21.0,32.0,40.0,30.0,36.0,26.0,47.0,36.0,30.0,33.0,31.0,29.0,37.0,29.0,42.0,1,0,0,0,0,0,0,0,0,0,0,0,0,0,0,0,0,0,0
2020-02-04 17:02:25.894863,38.0,21.0,32.0,40.0,30.0,36.0,26.0,46.0,36.0,30.0,33.0,31.0,29.0,37.0,29.0,42.0,1,0,0,0,0,0,0,0,0,0,0,0,0,0,0,0,0,0,0
2020-02-04 17:02:32.188982,38.0,21.0,32.0,40.0,30.0,36.0,26.0,46.0,36.0,30.0,33.0,31.0,29.0,37.0,29.0,42.0,1,0,0,0,0,0,0,0,0,0,0,0,0,0,0,0,0,0,0
2020-02-04 17:02:51.153610,38.0,21.0,32.0,40.0,30.0,36.0,26.0,46.0,36.0,29.0,33.0,31.0,29.0,38.0,29.0,42.0,1,0,0,0,0,0,0,0,0,0,0,0,0,0,0,0,0,0,0
2020-02-04 17:03:05.033176,38.0,21.0,32.0,40.0,30.0,36.0,26.0,47.0,36.0,30.0,33.0,31.0,29.0,37.0,29.0,42.0,1,0,0,0,0,0,0,0,0,0,0,0,0,0,0,0,0,0,0
2020-02-04 17:03:11.356165,38.0,21.0,32.0,40.0,30.0,36.0,26.0,47.0,36.0,30.0,33.0,31.0,29.0,37.0,29.0,42.0,1,0,0,0,0,0,0,0,0,0,0,0,0,0,0,0,0,0,0
2020-02-04 17:03:25.243783,38.0,21.0,32.0,40.0,30.0,36.0,26.0,47.0,36.0,30.0,33.0,30.0,29.0,37.0,29.0,41.0,1,0,0,0,0,0,0,0,0,0,0,0,0,0,0,0,0,0,0
2020-02-04 17:03:34.162096,38.0,21.0,32.0,40.0,30.0,36.0,26.0,47.0,36.0,30.0,33.0,31.0,29.0,37.0,29.0,42.0,1,0,0,0,0,0,0,0,0,0,0,0,0,0,0,0,0,0,0
2020-02-04 17:03:50.598245,38.0,21.0,32.0,40.0,30.0,36.0,26.0,47.0,36.0,30.0,33.0,31.0,29.0,37.0,30.0,42.0,1,0,0,0,0,0,0,0,0,0,0,0,0,0,0,0,0,0,0
2020-02-04 17:03:56.903206,38.0,21.0,32.0,40.0,30.0,36.0,26.0,47.0,36.0,30.0,33.0,31.0,29.0,37.0,30.0,42.0,1,0,0,0,0,0,0,0,0,0,0,0,0,0,0,0,0,0,0
2020-02-04 17:04:03.229961,38.0,21.0,32.0,40.0,30.0,36.0,26.0,46.0,36.0,30.0,33.0,31.0,29.0,37.0,29.0,42.0,1,0,0,0,0,0,0,0,0,0,0,0,0,0,0,0,0,0,0
2020-02-04 17:04:12.079342,38.0,20.0,32.0,40.0,30.0,36.0,26.0,47.0,36.0,30.0,33.0,30.0,29.0,37.0,30.0,42.0,1,0,0,0,0,0,0,0,0,0,0,0,0,0,0,0,0,0,0
2020-02-04 17:04:18.380759,38.0,20.0,32.0,40.0,30.0,35.0,26.0,46.0,36.0,30.0,33.0,30.0,29.0,37.0,30.0,42.0,1,0,0,0,0,0,0,0,0,0,0,0,0,0,0,0,0,0,0
2020-02-04 17:04:27.218690,38.0,20.0,32.0,40.0,30.0,36.0,26.0,47.0,36.0,30.0,33.0,30.0,29.0,37.0,30.0,42.0,1,0,0,0,0,0,0,0,0,0,0,0,0,0,0,0,0,0,0
2020-02-04 17:04:36.054087,38.0,20.0,32.0,40.0,30.0,36.0,27.0,46.0,36.0,30.0,33.0,30.0,29.0,37.0,30.0,42.0,1,0,0,0,0,0,0,0,0,0,0,0,0,0,0,0,0,0,0
2020-02-04 17:04:42.386251,38.0,20.0,32.0,40.0,30.0,36.0,27.0,46.0,36.0,30.0,33.0,30.0,29.0,37.0,30.0,42.0,1,0,0,0,0,0,0,0,0,0,0,0,0,0,0,0,0,0,0
2020-02-04 17:04:51.216384,38.0,20.0,32.0,40.0,30.0,36.0,27.0,46.0,36.0,30.0,33.0,30.0,29.0,37.0,30.0,42.0,1,0,0,0,0,0,0,0,0,0,0,0,0,0,0,0,0,0,0
2020-02-04 17:04:57.508394,38.0,20.0,32.0,40.0,30.0,36.0,26.0,46.0,36.0,30.0,33.0,30.0,29.0,37.0,30.0,42.0,1,0,0,0,0,0,0,0,0,0,0,0,0,0,0,0,0,0,0
2020-02-04 17:05:06.324927,38.0,20.0,32.0,40.0,30.0,36.0,27.0,46.0,36.0,30.0,33.0,30.0,29.0,37.0,30.0,42.0,1,0,0,0,0,0,0,0,0,0,0,0,0,0,0,0,0,0,0
2020-02-04 17:05:12.613496,38.0,20.0,32.0,40.0,30.0,36.0,27.0,46.0,36.0,30.0,33.0,30.0,29.0,37.0,30.0,42.0,1,0,0,0,0,0,0,0,0,0,0,0,0,0,0,0,0,0,0
2020-02-04 17:05:21.434541,38.0,20.0,32.0,39.0,30.0,36.0,27.0,46.0,36.0,30.0,33.0,30.0,29.0,37.0,30.0,42.0,1,0,0,0,0,0,0,0,0,0,0,0,0,0,0,0,0,0,0
2020-02-04 17:05:30.253606,38.0,20.0,32.0,39.0,30.0,36.0,26.0,46.0,36.0,30.0,33.0,31.0,29.0,37.0,30.0,42.0,1,0,0,0,0,0,0,0,0,0,0,0,0,0,0,0,0,0,0
2020-02-04 17:05:36.545562,38.0,20.0,32.0,39.0,30.0,36.0,26.0,46.0,36.0,29.0,33.0,30.0,29.0,37.0,30.0,42.0,1,0,0,0,0,0,0,0,0,0,0,0,0,0,0,0,0,0,0
2020-02-04 17:05:42.836808,38.0,20.0,32.0,39.0,30.0,36.0,27.0,46.0,37.0,29.0,33.0,31.0,29.0,37.0,30.0,42.0,1,0,0,0,0,0,0,0,0,0,0,0,0,0,0,0,0,0,0
2020-02-04 17:05:51.657375,38.0,20.0,32.0,39.0,30.0,36.0,27.0,46.0,36.0,29.0,33.0,30.0,29.0,37.0,30.0,42.0,1,0,0,0,0,0,0,0,0,0,0,0,0,0,0,0,0,0,0
2020-02-04 17:06:00.465074,38.0,20.0,32.0,39.0,30.0,36.0,27.0,46.0,37.0,29.0,33.0,30.0,29.0,37.0,30.0,42.0,1,0,0,0,0,0,0,0,0,0,0,0,0,0,0,0,0,0,0
2020-02-04 17:06:09.290514,38.0,20.0,32.0,39.0,30.0,36.0,27.0,46.0,37.0,29.0,33.0,30.0,29.0,37.0,30.0,42.0,1,0,0,0,0,0,0,0,0,0,0,0,0,0,0,0,0,0,0
2020-02-04 17:06:15.587550,38.0,20.0,32.0,39.0,30.0,36.0,27.0,46.0,37.0,29.0,33.0,30.0,29.0,37.0,30.0,42.0,1,0,0,0,0,0,0,0,0,0,0,0,0,0,0,0,0,0,0
2020-02-04 17:06:21.880017,38.0,20.0,32.0,39.0,30.0,35.0,27.0,46.0,37.0,29.0,33.0,30.0,29.0,37.0,30.0,42.0,1,0,0,0,0,0,0,0,0,0,0,0,0,0,0,0,0,0,0
2020-02-04 17:06:28.157474,38.0,20.0,32.0,39.0,30.0,35.0,27.0,46.0,37.0,29.0,33.0,30.0,29.0,37.0,30.0,42.0,1,0,0,0,0,0,0,0,0,0,0,0,0,0,0,0,0,0,0
2020-02-04 17:06:42.057308,38.0,20.0,32.0,39.0,30.0,35.0,27.0,46.0,37.0,29.0,33.0,30.0,29.0,37.0,30.0,42.0,1,0,0,0,0,0,0,0,0,0,0,0,0,0,0,0,0,0,0
2020-02-04 17:06:53.398752,38.0,20.0,32.0,39.0,30.0,36.0,27.0,46.0,37.0,29.0,33.0,30.0,29.0,37.0,30.0,42.0,1,0,0,0,0,0,0,0,0,0,0,0,0,0,0,0,0,0,0
2020-02-04 17:06:59.699437,38.0,20.0,32.0,39.0,30.0,36.0,27.0,46.0,37.0,29.0,33.0,30.0,29.0,37.0,30.0,41.0,1,0,0,0,0,0,0,0,0,0,0,0,0,0,0,0,0,0,0
2020-02-04 17:07:05.997659,38.0,20.0,32.0,39.0,30.0,36.0,27.0,46.0,37.0,29.0,33.0,30.0,29.0,37.0,30.0,42.0,1,0,0,0,0,0,0,0,0,0,0,0,0,0,0,0,0,0,0
2020-02-04 17:07:12.298290,38.0,20.0,32.0,39.0,30.0,36.0,27.0,46.0,37.0,29.0,33.0,30.0,29.0,37.0,30.0,42.0,1,0,0,0,0,0,0,0,0,0,0,0,0,0,0,0,0,0,0
2020-02-04 17:07:21.153438,38.0,20.0,32.0,39.0,30.0,35.0,27.0,46.0,37.0,29.0,33.0,30.0,29.0,37.0,30.0,41.0,1,0,0,0,0,0,0,0,0,0,0,0,0,0,0,0,0,0,0
2020-02-04 17:07:29.999922,38.0,20.0,32.0,38.0,30.0,35.0,27.0,46.0,37.0,29.0,33.0,30.0,29.0,37.0,30.0,41.0,1,0,0,0,0,0,0,0,0,0,0,0,0,0,0,0,0,0,0
2020-02-04 17:07:41.360116,38.0,20.0,32.0,38.0,30.0,36.0,27.0,46.0,37.0,28.0,33.0,30.0,29.0,37.0,30.0,41.0,1,0,0,0,0,0,0,0,0,0,0,0,0,0,0,0,0,0,0
2020-02-04 17:07:47.692205,38.0,20.0,32.0,38.0,30.0,36.0,27.0,46.0,37.0,28.0,33.0,30.0,29.0,37.0,30.0,41.0,1,0,0,0,0,0,0,0,0,0,0,0,0,0,0,0,0,0,0
2020-02-04 17:07:56.539160,38.0,20.0,32.0,39.0,30.0,36.0,27.0,46.0,37.0,28.0,33.0,30.0,29.0,37.0,30.0,41.0,1,0,0,0,0,0,0,0,0,0,0,0,0,0,0,0,0,0,0
2020-02-04 17:08:05.365321,38.0,20.0,32.0,39.0,31.0,37.0,27.0,46.0,37.0,28.0,33.0,30.0,29.0,37.0,30.0,41.0,1,0,0,0,0,0,0,0,0,0,0,0,0,0,0,0,0,0,0
2020-02-04 17:08:21.789009,38.0,20.0,32.0,38.0,30.0,36.0,27.0,46.0,37.0,28.0,33.0,30.0,29.0,37.0,30.0,41.0,1,0,0,0,0,0,0,0,0,0,0,0,0,0,0,0,0,0,0
2020-02-04 17:08:35.670336,38.0,20.0,32.0,38.0,30.0,35.0,27.0,46.0,37.0,28.0,33.0,29.0,29.0,37.0,30.0,41.0,1,0,0,0,0,0,0,0,0,0,0,0,0,0,0,0,0,0,0
2020-02-04 17:08:44.501784,38.0,19.0,32.0,38.0,30.0,35.0,27.0,46.0,37.0,29.0,33.0,29.0,29.0,37.0,30.0,41.0,1,0,0,0,0,0,0,0,0,0,0,0,0,0,0,0,0,0,0
2020-02-04 17:08:55.899452,38.0,19.0,32.0,39.0,30.0,35.0,27.0,46.0,37.0,29.0,33.0,29.0,29.0,37.0,30.0,41.0,1,0,0,0,0,0,0,0,0,0,0,0,0,0,0,0,0,0,0
2020-02-04 17:09:02.207893,38.0,19.0,32.0,38.0,30.0,35.0,27.0,46.0,37.0,29.0,33.0,29.0,29.0,37.0,30.0,41.0,1,0,0,0,0,0,0,0,0,0,0,0,0,0,0,0,0,0,0
2020-02-04 17:09:08.504397,38.0,19.0,32.0,39.0,31.0,36.0,27.0,46.0,37.0,29.0,33.0,30.0,29.0,37.0,30.0,41.0,1,0,0,0,0,0,0,0,0,0,0,0,0,0,0,0,0,0,0
2020-02-04 17:09:17.367754,38.0,20.0,32.0,39.0,31.0,36.0,27.0,46.0,37.0,29.0,33.0,30.0,29.0,37.0,30.0,41.0,1,0,0,0,0,0,0,0,0,0,0,0,0,0,0,0,0,0,0
2020-02-04 17:09:23.659368,38.0,20.0,32.0,38.0,30.0,35.0,27.0,46.0,37.0,29.0,33.0,29.0,29.0,37.0,30.0,41.0,1,0,0,0,0,0,0,0,0,0,0,0,0,0,0,0,0,0,0
2020-02-04 17:09:29.952809,38.0,19.0,32.0,38.0,31.0,36.0,27.0,46.0,37.0,29.0,33.0,29.0,29.0,37.0,30.0,41.0,1,0,0,0,0,0,0,0,0,0,0,0,0,0,0,0,0,0,0
2020-02-04 17:09:41.295328,38.0,20.0,32.0,38.0,31.0,36.0,27.0,46.0,37.0,29.0,33.0,29.0,29.0,37.0,30.0,41.0,1,0,0,0,0,0,0,0,0,0,0,0,0,0,0,0,0,0,0
2020-02-04 17:09:50.120142,38.0,20.0,32.0,38.0,31.0,36.0,27.0,46.0,37.0,29.0,33.0,29.0,29.0,36.0,30.0,41.0,1,0,0,0,0,0,0,0,0,0,0,0,0,0,0,0,0,0,0
2020-02-04 17:10:06.518965,38.0,20.0,32.0,39.0,31.0,36.0,27.0,46.0,37.0,29.0,33.0,29.0,29.0,37.0,30.0,42.0,1,0,0,0,0,0,0,0,0,0,0,0,0,0,0,0,0,0,0
2020-02-04 17:10:27.979092,38.0,20.0,32.0,39.0,31.0,36.0,27.0,46.0,37.0,29.0,33.0,29.0,29.0,37.0,30.0,41.0,1,0,0,0,0,0,0,0,0,0,0,0,0,0,0,0,0,0,0
2020-02-04 17:10:36.796598,38.0,20.0,32.0,39.0,31.0,36.0,27.0,46.0,37.0,29.0,33.0,29.0,29.0,36.0,30.0,42.0,1,0,0,0,0,0,0,0,0,0,0,0,0,0,0,0,0,0,0
2020-02-04 17:10:50.681188,38.0,20.0,32.0,39.0,31.0,36.0,27.0,46.0,37.0,29.0,33.0,29.0,29.0,36.0,30.0,41.0,1,0,0,0,0,0,0,0,0,0,0,0,0,0,0,0,0,0,0
2020-02-04 17:10:59.496661,38.0,19.0,32.0,39.0,31.0,36.0,27.0,46.0,37.0,29.0,33.0,29.0,29.0,36.0,30.0,41.0,1,0,0,0,0,0,0,0,0,0,0,0,0,0,0,0,0,0,0
2020-02-04 17:11:08.331947,38.0,20.0,32.0,39.0,31.0,36.0,27.0,46.0,37.0,29.0,33.0,29.0,29.0,36.0,30.0,41.0,1,0,0,0,0,0,0,0,0,0,0,0,0,0,0,0,0,0,0
2020-02-04 17:11:22.197656,38.0,20.0,32.0,39.0,31.0,36.0,27.0,46.0,37.0,28.0,33.0,29.0,29.0,36.0,30.0,41.0,1,0,0,0,0,0,0,0,0,0,0,0,0,0,0,0,0,0,0
2020-02-04 17:11:28.493793,38.0,20.0,32.0,39.0,31.0,36.0,27.0,46.0,37.0,29.0,33.0,29.0,29.0,36.0,30.0,42.0,1,0,0,0,0,0,0,0,0,0,0,0,0,0,0,0,0,0,0
2020-02-04 17:11:39.847101,38.0,20.0,32.0,39.0,31.0,36.0,27.0,46.0,37.0,29.0,33.0,29.0,29.0,36.0,30.0,41.0,1,0,0,0,0,0,0,0,0,0,0,0,0,0,0,0,0,0,0
2020-02-04 17:11:46.159277,38.0,20.0,32.0,39.0,31.0,36.0,27.0,46.0,37.0,29.0,33.0,29.0,29.0,36.0,30.0,42.0,1,0,0,0,0,0,0,0,0,0,0,0,0,0,0,0,0,0,0
2020-02-04 17:11:54.998226,38.0,20.0,32.0,39.0,31.0,36.0,27.0,46.0,37.0,29.0,33.0,29.0,29.0,36.0,30.0,41.0,1,0,0,0,0,0,0,0,0,0,0,0,0,0,0,0,0,0,0
2020-02-04 17:12:01.295354,38.0,20.0,32.0,38.0,31.0,36.0,27.0,46.0,37.0,28.0,33.0,29.0,29.0,36.0,30.0,41.0,1,0,0,0,0,0,0,0,0,0,0,0,0,0,0,0,0,0,0
2020-02-04 17:12:07.602173,38.0,20.0,32.0,38.0,31.0,36.0,27.0,46.0,37.0,28.0,33.0,29.0,29.0,36.0,30.0,41.0,1,0,0,0,0,0,0,0,0,0,0,0,0,0,0,0,0,0,0
2020-02-04 17:12:16.443189,38.0,20.0,32.0,38.0,31.0,36.0,27.0,46.0,37.0,28.0,33.0,29.0,29.0,36.0,30.0,41.0,1,0,0,0,0,0,0,0,0,0,0,0,0,0,0,0,0,0,0
2020-02-04 17:12:27.795379,38.0,20.0,32.0,38.0,31.0,36.0,27.0,46.0,37.0,28.0,33.0,29.0,29.0,36.0,30.0,41.0,1,0,0,0,0,0,0,0,0,0,0,0,0,0,0,0,0,0,0
2020-02-04 17:12:36.613403,38.0,20.0,32.0,38.0,31.0,36.0,27.0,46.0,37.0,29.0,33.0,29.0,29.0,36.0,30.0,41.0,1,0,0,0,0,0,0,0,0,0,0,0,0,0,0,0,0,0,0
2020-02-04 17:12:42.898264,38.0,20.0,32.0,39.0,31.0,36.0,27.0,46.0,37.0,28.0,33.0,29.0,29.0,36.0,30.0,41.0,1,0,0,0,0,0,0,0,0,0,0,0,0,0,0,0,0,0,0
2020-02-04 17:12:49.192933,38.0,20.0,32.0,39.0,31.0,36.0,27.0,46.0,37.0,29.0,33.0,29.0,29.0,36.0,30.0,41.0,1,0,0,0,0,0,0,0,0,0,0,0,0,0,0,0,0,0,0
